time,scenario,vehicle_id,stage,zone,nearest_vehicle_id,conflict_vehicle_ids,merge_conflict,crossing_conflict,right_side_vehicle_present,min_eta_gap,model_decision,model_confidence,final_decision,applied_action,decision_reason,runtime_mode,collision_count
0.2,SCENARIO_2,vehicle_A,OUTSIDE_CONTEXT,DECISION,vehicle_B,[],0,0,1,0.0,NEUTRAL,0.0,WAIT,WAIT,model_not_ready,NUMPY_EXACT_LSTM,0
0.2,SCENARIO_2,vehicle_B,OUTSIDE_CONTEXT,DECISION,vehicle_A,[],0,0,0,0.0,NEUTRAL,0.0,WAIT,WAIT,model_not_ready,NUMPY_EXACT_LSTM,0
0.4,SCENARIO_2,vehicle_A,OUTSIDE_CONTEXT,DECISION,vehicle_B,[],0,0,1,0.0,NEUTRAL,0.0,WAIT,WAIT,model_not_ready,NUMPY_EXACT_LSTM,0
0.4,SCENARIO_2,vehicle_B,OUTSIDE_CONTEXT,DECISION,vehicle_A,[],0,0,0,0.0,NEUTRAL,0.0,WAIT,WAIT,model_not_ready,NUMPY_EXACT_LSTM,0
0.6,SCENARIO_2,vehicle_A,OUTSIDE_CONTEXT,DECISION,vehicle_B,[],0,0,1,0.0,NEUTRAL,0.0,WAIT,WAIT,model_not_ready,NUMPY_EXACT_LSTM,0
0.6,SCENARIO_2,vehicle_B,OUTSIDE_CONTEXT,DECISION,vehicle_A,[],0,0,0,0.0,NEUTRAL,0.0,WAIT,WAIT,model_not_ready,NUMPY_EXACT_LSTM,0
0.8,SCENARIO_2,vehicle_A,OUTSIDE_CONTEXT,DECISION,vehicle_B,[],0,0,1,0.0,NEUTRAL,0.0,WAIT,WAIT,model_not_ready,NUMPY_EXACT_LSTM,0
0.8,SCENARIO_2,vehicle_B,OUTSIDE_CONTEXT,DECISION,vehicle_A,[],0,0,0,0.0,NEUTRAL,0.0,WAIT,WAIT,model_not_ready,NUMPY_EXACT_LSTM,0
1.0,SCENARIO_2,vehicle_A,OUTSIDE_CONTEXT,DECISION,vehicle_B,[],0,0,1,0.0,NEUTRAL,0.0,WAIT,WAIT,model_not_ready,NUMPY_EXACT_LSTM,0
1.0,SCENARIO_2,vehicle_B,OUTSIDE_CONTEXT,DECISION,vehicle_A,[],0,0,0,0.0,NEUTRAL,0.0,WAIT,WAIT,model_not_ready,NUMPY_EXACT_LSTM,0
1.2,SCENARIO_2,vehicle_A,OUTSIDE_CONTEXT,DECISION,vehicle_C,[],0,0,1,0.0,NEUTRAL,0.0,WAIT,WAIT,model_not_ready,NUMPY_EXACT_LSTM,0
1.2,SCENARIO_2,vehicle_B,OUTSIDE_CONTEXT,DECISION,vehicle_C,[],0,0,1,0.0,NEUTRAL,0.0,WAIT,WAIT,model_not_ready,NUMPY_EXACT_LSTM,0
1.2,SCENARIO_2,vehicle_C,OUTSIDE_CONTEXT,DECISION,vehicle_B,[],0,0,0,1.1774211972716484,NEUTRAL,0.0,WAIT,WAIT,model_not_ready,NUMPY_EXACT_LSTM,0
1.4,SCENARIO_2,vehicle_A,OUTSIDE_CONTEXT,DECISION,vehicle_C,[],0,0,1,0.0,NEUTRAL,0.0,WAIT,WAIT,model_not_ready,NUMPY_EXACT_LSTM,0
1.4,SCENARIO_2,vehicle_B,OUTSIDE_CONTEXT,DECISION,vehicle_C,[],0,0,1,0.0,NEUTRAL,0.0,WAIT,WAIT,model_not_ready,NUMPY_EXACT_LSTM,0
1.4,SCENARIO_2,vehicle_C,OUTSIDE_CONTEXT,DECISION,vehicle_A,[],0,0,0,1.5371278476975263,NEUTRAL,0.0,WAIT,WAIT,model_not_ready,NUMPY_EXACT_LSTM,0
1.6,SCENARIO_2,vehicle_A,OUTSIDE_CONTEXT,DECISION,vehicle_C,[],0,0,1,0.0,NEUTRAL,0.0,WAIT,WAIT,model_not_ready,NUMPY_EXACT_LSTM,0
1.6,SCENARIO_2,vehicle_B,OUTSIDE_CONTEXT,DECISION,vehicle_C,[],0,0,0,0.0,NEUTRAL,0.0,WAIT,WAIT,model_not_ready,NUMPY_EXACT_LSTM,0
1.6,SCENARIO_2,vehicle_C,OUTSIDE_CONTEXT,DECISION,vehicle_A,[],0,0,1,1.979491984250732,NEUTRAL,0.0,WAIT,WAIT,model_not_ready,NUMPY_EXACT_LSTM,0
1.8,SCENARIO_2,vehicle_A,OUTSIDE_CONTEXT,DECISION,vehicle_C,[],0,0,1,0.0,NEUTRAL,0.0,WAIT,WAIT,model_not_ready,NUMPY_EXACT_LSTM,0
1.8,SCENARIO_2,vehicle_B,OUTSIDE_CONTEXT,DECISION,vehicle_A,[],0,0,0,0.0,NEUTRAL,0.0,WAIT,WAIT,model_not_ready,NUMPY_EXACT_LSTM,0
1.8,SCENARIO_2,vehicle_C,OUTSIDE_CONTEXT,DECISION,vehicle_A,[],0,0,1,2.716660709592621,NEUTRAL,0.0,WAIT,WAIT,model_not_ready,NUMPY_EXACT_LSTM,0
2.0,SCENARIO_2,vehicle_A,DECISION_FINAL,DECISION,vehicle_C,[],0,0,1,0.0,YIELD,0.7679597141389635,YIELD,YIELD,decision_final_yield,NUMPY_EXACT_LSTM,0
2.0,SCENARIO_2,vehicle_B,DECISION_FINAL,DECISION,vehicle_A,[],0,0,0,0.0,YIELD,0.7246838945620233,YIELD,YIELD,decision_final_yield,NUMPY_EXACT_LSTM,0
2.0,SCENARIO_2,vehicle_C,OUTSIDE_CONTEXT,DECISION,vehicle_A,[],0,0,1,4.2367584714295825,NEUTRAL,0.0,WAIT,WAIT,model_not_ready,NUMPY_EXACT_LSTM,0
2.2,SCENARIO_2,vehicle_A,DECISION_FINAL,DECISION,vehicle_D,[],0,0,1,0.0,YIELD,0.4891309584462751,YIELD,YIELD,decision_final_yield,NUMPY_EXACT_LSTM,0
2.2,SCENARIO_2,vehicle_B,DECISION_FINAL,DECISION,vehicle_D,[],0,0,0,0.0,GO,0.540414320493046,GO,GO,decision_final_go,NUMPY_EXACT_LSTM,0
2.2,SCENARIO_2,vehicle_C,OUTSIDE_CONTEXT,DECISION,vehicle_D,[],0,0,1,1.2638862230728278,NEUTRAL,0.0,WAIT,WAIT,model_not_ready,NUMPY_EXACT_LSTM,0
2.2,SCENARIO_2,vehicle_D,OUTSIDE_CONTEXT,DECISION,vehicle_C,[],0,0,0,1.2638862230728278,NEUTRAL,0.0,WAIT,WAIT,model_not_ready,NUMPY_EXACT_LSTM,0
2.4,SCENARIO_2,vehicle_A,DECISION_FINAL,DECISION,vehicle_D,[],0,0,1,0.6294072657764591,GO,0.43789219505661875,GO,GO,decision_final_go,NUMPY_EXACT_LSTM,0
2.4,SCENARIO_2,vehicle_B,DECISION_FINAL,DECISION,vehicle_D,[],0,0,0,0.6294072657764591,GO,0.8471629890855787,GO,GO,decision_final_go,NUMPY_EXACT_LSTM,0
2.4,SCENARIO_2,vehicle_C,OUTSIDE_CONTEXT,DECISION,vehicle_D,[],0,0,1,1.7176662567805707,NEUTRAL,0.0,WAIT,WAIT,model_not_ready,NUMPY_EXACT_LSTM,0
2.4,SCENARIO_2,vehicle_D,OUTSIDE_CONTEXT,DECISION,vehicle_C,[],0,0,0,1.7176662567805707,NEUTRAL,0.0,WAIT,WAIT,model_not_ready,NUMPY_EXACT_LSTM,0
2.6,SCENARIO_2,vehicle_A,DECISION_FINAL,DECISION,vehicle_C,[],0,0,1,0.43834835175800224,GO,0.8791127411786952,GO,GO,decision_final_go,NUMPY_EXACT_LSTM,0
2.6,SCENARIO_2,vehicle_B,DECISION_FINAL,DECISION,vehicle_D,[],0,0,1,0.43834835175800224,GO,0.9340635801729459,GO,GO,decision_final_go,NUMPY_EXACT_LSTM,0
2.6,SCENARIO_2,vehicle_C,OUTSIDE_CONTEXT,DECISION,vehicle_D,[],0,0,1,0.5387481231249689,NEUTRAL,0.0,WAIT,WAIT,model_not_ready,NUMPY_EXACT_LSTM,0
2.6,SCENARIO_2,vehicle_D,OUTSIDE_CONTEXT,DECISION,vehicle_C,[],0,0,1,2.3830647308865367,NEUTRAL,0.0,WAIT,WAIT,model_not_ready,NUMPY_EXACT_LSTM,0
2.8,SCENARIO_2,vehicle_A,DECISION_FINAL,DECISION,vehicle_C,[],0,0,1,0.3186006620060451,GO,0.9423397432061363,GO,GO,decision_final_go,NUMPY_EXACT_LSTM,0
2.8,SCENARIO_2,vehicle_B,DECISION_FINAL,DECISION,vehicle_D,[],0,0,1,0.3186006620060451,GO,0.9494178820307234,GO,GO,decision_final_go,NUMPY_EXACT_LSTM,0
2.8,SCENARIO_2,vehicle_C,OUTSIDE_CONTEXT,DECISION,vehicle_D,[],0,0,1,1.0178876327495798,NEUTRAL,0.0,WAIT,WAIT,model_not_ready,NUMPY_EXACT_LSTM,0
2.8,SCENARIO_2,vehicle_D,OUTSIDE_CONTEXT,DECISION,vehicle_C,[],0,0,1,2.4239548819046384,NEUTRAL,0.0,WAIT,WAIT,model_not_ready,NUMPY_EXACT_LSTM,0
3.0,SCENARIO_2,vehicle_A,DECISION_FINAL,DECISION,vehicle_C,[],0,0,1,0.2381677754457714,GO,0.9585243095645133,GO,GO,decision_final_go,NUMPY_EXACT_LSTM,0
3.0,SCENARIO_2,vehicle_B,DECISION_FINAL,DECISION,vehicle_D,[],0,0,1,0.2381677754457714,GO,0.946781200989188,GO,GO,decision_final_go,NUMPY_EXACT_LSTM,0
3.0,SCENARIO_2,vehicle_C,DECISION_FINAL,DECISION,vehicle_D,[],0,0,1,5.056332740924869,NEUTRAL,0.5800427299908024,WAIT,WAIT,decision_final_wait,NUMPY_EXACT_LSTM,0
3.0,SCENARIO_2,vehicle_D,OUTSIDE_CONTEXT,DECISION,vehicle_C,[],0,0,1,1.9458048483118973,NEUTRAL,0.0,WAIT,WAIT,model_not_ready,NUMPY_EXACT_LSTM,0
3.2,SCENARIO_2,vehicle_A,DECISION_FINAL,DECISION,vehicle_C,[],0,0,1,0.17054911339066825,GO,0.9610126490426405,GO,GO,decision_final_go,NUMPY_EXACT_LSTM,0
3.2,SCENARIO_2,vehicle_B,DECISION_FINAL,DECISION,vehicle_D,[],0,0,1,0.17054911339066825,GO,0.9351364858445854,GO,GO,decision_final_go,NUMPY_EXACT_LSTM,0
3.2,SCENARIO_2,vehicle_C,DECISION_FINAL,DECISION,vehicle_D,[],0,0,1,5.420588094111389,NEUTRAL,0.9531068944903561,WAIT,WAIT,decision_final_wait,NUMPY_EXACT_LSTM,0
3.2,SCENARIO_2,vehicle_D,OUTSIDE_CONTEXT,DECISION,vehicle_C,[],0,0,1,1.4436771902798906,NEUTRAL,0.0,WAIT,WAIT,model_not_ready,NUMPY_EXACT_LSTM,0
3.4,SCENARIO_2,vehicle_A,DECISION_FINAL,DECISION,vehicle_C,[],0,0,1,0.08668674956767797,GO,0.9559590638347573,GO,GO,decision_final_go,NUMPY_EXACT_LSTM,0
3.4,SCENARIO_2,vehicle_B,DECISION_FINAL,DECISION,vehicle_D,[],0,0,1,0.08668674956767797,GO,0.8951559944842904,GO,GO,decision_final_go,NUMPY_EXACT_LSTM,0
3.4,SCENARIO_2,vehicle_C,DECISION_FINAL,DECISION,vehicle_D,[],0,0,1,5.588626755685721,NEUTRAL,0.9830064145901862,WAIT,WAIT,decision_final_wait,NUMPY_EXACT_LSTM,0
3.4,SCENARIO_2,vehicle_D,OUTSIDE_CONTEXT,DECISION,vehicle_C,[],0,0,1,0.9998471232451633,NEUTRAL,0.0,WAIT,WAIT,model_not_ready,NUMPY_EXACT_LSTM,0
3.6,SCENARIO_2,vehicle_A,DECISION_FINAL,DECISION,vehicle_C,[],0,0,1,0.08674790429275214,GO,0.9343312957611409,GO,GO,decision_final_go,NUMPY_EXACT_LSTM,0
3.6,SCENARIO_2,vehicle_B,DECISION_FINAL,DECISION,vehicle_D,[],0,0,1,0.08674790429275214,GO,0.8794722978132535,GO,GO,decision_final_go,NUMPY_EXACT_LSTM,0
3.6,SCENARIO_2,vehicle_C,DECISION_FINAL,DECISION,vehicle_D,[],0,0,1,5.5861347049854135,NEUTRAL,0.9882203354988308,WAIT,WAIT,decision_final_wait,NUMPY_EXACT_LSTM,0
3.6,SCENARIO_2,vehicle_D,OUTSIDE_CONTEXT,DECISION,vehicle_C,[],0,0,1,0.33593828261374226,NEUTRAL,0.0,WAIT,WAIT,model_not_ready,NUMPY_EXACT_LSTM,0
3.8,SCENARIO_2,vehicle_A,DECISION_FINAL,DECISION,vehicle_C,[],0,0,1,0.08679876809911713,GO,0.9189910386041173,GO,GO,decision_final_go,NUMPY_EXACT_LSTM,0
3.8,SCENARIO_2,vehicle_B,DECISION_FINAL,DECISION,vehicle_D,[],0,0,1,0.08679876809911713,GO,0.8650030149000759,GO,GO,decision_final_go,NUMPY_EXACT_LSTM,0
3.8,SCENARIO_2,vehicle_C,DECISION_FINAL,DECISION,vehicle_D,[],0,0,1,4.576851033401874,NEUTRAL,0.9910953687173435,WAIT,WAIT,decision_final_wait,NUMPY_EXACT_LSTM,0
3.8,SCENARIO_2,vehicle_D,OUTSIDE_CONTEXT,DECISION,vehicle_C,[],0,0,1,1.0068245685571537,NEUTRAL,0.0,WAIT,WAIT,model_not_ready,NUMPY_EXACT_LSTM,0
4.0,SCENARIO_2,vehicle_A,DECISION_FINAL,DECISION,vehicle_C,[],0,0,1,0.08684152262839584,GO,0.8911227395618818,GO,GO,decision_final_go,NUMPY_EXACT_LSTM,0
4.0,SCENARIO_2,vehicle_B,DECISION_FINAL,DECISION,vehicle_D,[],0,0,1,0.08684152262839584,GO,0.8393970239989342,GO,GO,decision_final_go,NUMPY_EXACT_LSTM,0
4.0,SCENARIO_2,vehicle_C,DECISION_FINAL,DECISION,vehicle_D,[],0,0,1,0.9821121162972908,NEUTRAL,0.9931366910553199,WAIT,WAIT,decision_final_wait,NUMPY_EXACT_LSTM,0
4.0,SCENARIO_2,vehicle_D,DECISION_FINAL,DECISION,vehicle_C,[],0,0,1,0.9821121162972908,NEUTRAL,0.6325656700783419,WAIT,WAIT,decision_final_wait,NUMPY_EXACT_LSTM,0
4.2,SCENARIO_2,vehicle_A,DECISION_FINAL,DECISION,vehicle_C,[],0,0,1,0.08687780156072034,GO,0.8994205634467711,GO,GO,decision_final_go,NUMPY_EXACT_LSTM,0
4.2,SCENARIO_2,vehicle_B,DECISION_FINAL,DECISION,vehicle_D,[],0,0,1,0.08687780156072034,GO,0.8740986052845354,GO,GO,decision_final_go,NUMPY_EXACT_LSTM,0
4.2,SCENARIO_2,vehicle_C,DECISION_FINAL,DECISION,vehicle_D,[],0,0,1,0.982896050835695,NEUTRAL,0.9931429663082986,WAIT,WAIT,decision_final_wait,NUMPY_EXACT_LSTM,0
4.2,SCENARIO_2,vehicle_D,DECISION_FINAL,DECISION,vehicle_C,[],0,0,1,0.982896050835695,NEUTRAL,0.9620448201934478,WAIT,WAIT,decision_final_wait,NUMPY_EXACT_LSTM,0
4.4,SCENARIO_2,vehicle_A,DECISION_FINAL,DECISION,vehicle_C,[],0,0,1,0.08690884759355555,GO,0.9002135443183978,GO,GO,decision_final_go,NUMPY_EXACT_LSTM,0
4.4,SCENARIO_2,vehicle_B,THRESHOLD_MONITORING,THRESHOLD,vehicle_D,[],0,0,1,0.08690884759355555,NEUTRAL,0.8697645402860531,NEUTRAL,MAINTAIN_30KMH,threshold_awareness_collection,NUMPY_EXACT_LSTM,0
4.4,SCENARIO_2,vehicle_C,DECISION_FINAL,DECISION,vehicle_D,[],0,0,1,0.9836299240596649,NEUTRAL,0.9924968876231832,WAIT,WAIT,decision_final_wait,NUMPY_EXACT_LSTM,0
4.4,SCENARIO_2,vehicle_D,DECISION_FINAL,DECISION,vehicle_C,[],0,0,1,0.9836299240596649,NEUTRAL,0.9825776603920994,WAIT,WAIT,decision_final_wait,NUMPY_EXACT_LSTM,0
4.6,SCENARIO_2,vehicle_A,THRESHOLD_MONITORING,THRESHOLD,vehicle_C,[],0,0,1,0.2979131794647545,NEUTRAL,0.8900125432508829,NEUTRAL,MAINTAIN_30KMH,threshold_awareness_collection,NUMPY_EXACT_LSTM,0
4.6,SCENARIO_2,vehicle_B,THRESHOLD_MONITORING,THRESHOLD,vehicle_D,[],0,0,1,0.2979131794647545,NEUTRAL,0.939214609211804,NEUTRAL,MAINTAIN_30KMH,threshold_awareness_collection,NUMPY_EXACT_LSTM,0
4.6,SCENARIO_2,vehicle_C,DECISION_FINAL,DECISION,vehicle_D,[],0,0,1,0.9843178797091738,NEUTRAL,0.9905729175583275,WAIT,WAIT,decision_final_wait,NUMPY_EXACT_LSTM,0
4.6,SCENARIO_2,vehicle_D,DECISION_FINAL,DECISION,vehicle_C,[],0,0,1,0.9843178797091738,NEUTRAL,0.9872960857985433,WAIT,WAIT,decision_final_wait,NUMPY_EXACT_LSTM,0
4.8,SCENARIO_2,vehicle_A,THRESHOLD_MONITORING,THRESHOLD,vehicle_C,[],0,0,1,0.23818921953941619,NEUTRAL,0.950025976248915,NEUTRAL,MAINTAIN_30KMH,threshold_awareness_collection,NUMPY_EXACT_LSTM,0
4.8,SCENARIO_2,vehicle_B,THRESHOLD_MONITORING,THRESHOLD,vehicle_D,[],0,0,1,0.23818921953941619,NEUTRAL,0.9664728565582548,NEUTRAL,MAINTAIN_30KMH,threshold_awareness_collection,NUMPY_EXACT_LSTM,0
4.8,SCENARIO_2,vehicle_C,DECISION_FINAL,DECISION,vehicle_D,[],0,0,1,0.9849636444670917,NEUTRAL,0.9839805977232275,WAIT,WAIT,decision_final_wait,NUMPY_EXACT_LSTM,0
4.8,SCENARIO_2,vehicle_D,DECISION_FINAL,DECISION,vehicle_C,[],0,0,1,0.9849636444670917,NEUTRAL,0.9899424786747674,WAIT,WAIT,decision_final_wait,NUMPY_EXACT_LSTM,0
5.0,SCENARIO_2,vehicle_A,THRESHOLD_MONITORING,THRESHOLD,vehicle_C,[],0,0,1,0.19196768625807126,NEUTRAL,0.9721639054545881,NEUTRAL,MAINTAIN_30KMH,threshold_awareness_collection,NUMPY_EXACT_LSTM,0
5.0,SCENARIO_2,vehicle_B,THRESHOLD_MONITORING,THRESHOLD,vehicle_D,[],0,0,1,0.19196768625807126,NEUTRAL,0.975945327746567,NEUTRAL,MAINTAIN_30KMH,threshold_awareness_collection,NUMPY_EXACT_LSTM,0
5.0,SCENARIO_2,vehicle_C,DECISION_FINAL,DECISION,vehicle_D,[],0,0,1,0.9855705769838128,NEUTRAL,0.9592125610910408,WAIT,WAIT,decision_final_wait,NUMPY_EXACT_LSTM,0
5.0,SCENARIO_2,vehicle_D,DECISION_FINAL,DECISION,vehicle_C,[],0,0,1,0.9855705769838128,NEUTRAL,0.9901310023486931,WAIT,WAIT,decision_final_wait,NUMPY_EXACT_LSTM,0
5.2,SCENARIO_2,vehicle_A,THRESHOLD_MONITORING,THRESHOLD,vehicle_C,[],0,0,1,0.1553845647270662,NEUTRAL,0.9797905930600833,NEUTRAL,MAINTAIN_30KMH,threshold_awareness_collection,NUMPY_EXACT_LSTM,0
5.2,SCENARIO_2,vehicle_B,THRESHOLD_MONITORING,THRESHOLD,vehicle_D,[],0,0,1,0.1553845647270662,NEUTRAL,0.9774066327009119,NEUTRAL,MAINTAIN_30KMH,threshold_awareness_collection,NUMPY_EXACT_LSTM,0
5.2,SCENARIO_2,vehicle_C,DECISION_FINAL,DECISION,vehicle_D,[],0,0,1,0.9861417103554277,NEUTRAL,0.9535282911291876,WAIT,WAIT,decision_final_wait,NUMPY_EXACT_LSTM,0
5.2,SCENARIO_2,vehicle_D,DECISION_FINAL,DECISION,vehicle_C,[],0,0,1,0.9861417103554277,NEUTRAL,0.9890441058138384,WAIT,WAIT,decision_final_wait,NUMPY_EXACT_LSTM,0
5.4,SCENARIO_2,vehicle_A,THRESHOLD_MONITORING,THRESHOLD,vehicle_C,[],0,0,1,0.12587680103142684,NEUTRAL,0.9813850653235731,NEUTRAL,MAINTAIN_30KMH,threshold_awareness_collection,NUMPY_EXACT_LSTM,0
5.4,SCENARIO_2,vehicle_B,THRESHOLD_MONITORING,THRESHOLD,vehicle_D,[],0,0,1,0.12587680103142684,NEUTRAL,0.9798034860800253,NEUTRAL,MAINTAIN_30KMH,threshold_awareness_collection,NUMPY_EXACT_LSTM,0
5.4,SCENARIO_2,vehicle_C,DECISION_FINAL,DECISION,vehicle_D,[],0,0,1,0.9866797890285941,NEUTRAL,0.9486296754088299,WAIT,WAIT,decision_final_wait,NUMPY_EXACT_LSTM,0
5.4,SCENARIO_2,vehicle_D,DECISION_FINAL,DECISION,vehicle_C,[],0,0,1,0.9866797890285941,NEUTRAL,0.9866616348170532,WAIT,WAIT,decision_final_wait,NUMPY_EXACT_LSTM,0
5.6,SCENARIO_2,vehicle_A,THRESHOLD_MONITORING,THRESHOLD,vehicle_C,[],0,0,1,0.10168774451271956,NEUTRAL,0.9842984177522254,NEUTRAL,MAINTAIN_30KMH,threshold_awareness_collection,NUMPY_EXACT_LSTM,0
5.6,SCENARIO_2,vehicle_B,THRESHOLD_MONITORING,THRESHOLD,vehicle_D,[],0,0,1,0.10168774451271956,NEUTRAL,0.981833324971347,NEUTRAL,MAINTAIN_30KMH,threshold_awareness_collection,NUMPY_EXACT_LSTM,0
5.6,SCENARIO_2,vehicle_C,DECISION_FINAL,DECISION,vehicle_D,[],0,0,1,0.9871873009466032,NEUTRAL,0.9456350657661514,WAIT,WAIT,decision_final_wait,NUMPY_EXACT_LSTM,0
5.6,SCENARIO_2,vehicle_D,DECISION_FINAL,DECISION,vehicle_C,[],0,0,1,0.9871873009466032,NEUTRAL,0.9812488995888371,WAIT,WAIT,decision_final_wait,NUMPY_EXACT_LSTM,0
5.8,SCENARIO_2,vehicle_A,THRESHOLD_MONITORING,THRESHOLD,vehicle_C,[],0,0,1,0.04157220357774616,NEUTRAL,0.9869038913237475,NEUTRAL,MAINTAIN_30KMH,threshold_awareness_collection,NUMPY_EXACT_LSTM,0
5.8,SCENARIO_2,vehicle_B,THRESHOLD_MONITORING,THRESHOLD,vehicle_D,[],0,0,1,0.04157220357774616,NEUTRAL,0.9804098002032091,NEUTRAL,MAINTAIN_30KMH,threshold_awareness_collection,NUMPY_EXACT_LSTM,0
5.8,SCENARIO_2,vehicle_C,DECISION_FINAL,DECISION,vehicle_D,[],0,0,1,0.9876665056207177,NEUTRAL,0.9470328714462307,WAIT,WAIT,decision_final_wait,NUMPY_EXACT_LSTM,0
5.8,SCENARIO_2,vehicle_D,DECISION_FINAL,DECISION,vehicle_C,[],0,0,1,0.9876665056207177,NEUTRAL,0.9620231455238597,WAIT,WAIT,decision_final_wait,NUMPY_EXACT_LSTM,0
6.0,SCENARIO_2,vehicle_A,THRESHOLD_MONITORING,THRESHOLD,vehicle_C,[],0,0,1,0.13210971799733562,NEUTRAL,0.9865851281695992,NEUTRAL,MAINTAIN_30KMH,threshold_awareness_collection,NUMPY_EXACT_LSTM,0
6.0,SCENARIO_2,vehicle_B,THRESHOLD_MONITORING,THRESHOLD,vehicle_D,[],0,0,1,0.13210971799733562,NEUTRAL,0.9754272236537816,NEUTRAL,MAINTAIN_30KMH,threshold_awareness_collection,NUMPY_EXACT_LSTM,0
6.0,SCENARIO_2,vehicle_C,DECISION_FINAL,DECISION,vehicle_D,[],0,0,1,0.9881194587028173,NEUTRAL,0.9492920114483673,WAIT,WAIT,decision_final_wait,NUMPY_EXACT_LSTM,0
6.0,SCENARIO_2,vehicle_D,DECISION_FINAL,DECISION,vehicle_C,[],0,0,1,0.9881194587028173,NEUTRAL,0.880148572414288,WAIT,WAIT,decision_final_wait,NUMPY_EXACT_LSTM,0
6.2,SCENARIO_2,vehicle_A,THRESHOLD_MONITORING,THRESHOLD,vehicle_C,[],0,0,1,0.13212772466026212,NEUTRAL,0.9819533653231383,NEUTRAL,MAINTAIN_30KMH,threshold_awareness_collection,NUMPY_EXACT_LSTM,0
6.2,SCENARIO_2,vehicle_B,THRESHOLD_MONITORING,THRESHOLD,vehicle_D,[],0,0,1,0.13212772466026212,NEUTRAL,0.9734837995457111,NEUTRAL,MAINTAIN_30KMH,threshold_awareness_collection,NUMPY_EXACT_LSTM,0
6.2,SCENARIO_2,vehicle_C,DECISION_FINAL,DECISION,vehicle_D,[],0,0,1,0.98854803354598,NEUTRAL,0.9515999827385125,WAIT,WAIT,decision_final_wait,NUMPY_EXACT_LSTM,0
6.2,SCENARIO_2,vehicle_D,DECISION_FINAL,DECISION,vehicle_C,[],0,0,1,0.98854803354598,NEUTRAL,0.8777229416849425,WAIT,WAIT,decision_final_wait,NUMPY_EXACT_LSTM,0
6.4,SCENARIO_2,vehicle_A,THRESHOLD_MONITORING,THRESHOLD,vehicle_C,[],0,0,0,0.1321432024902638,NEUTRAL,0.9839587695880148,NEUTRAL,MAINTAIN_30KMH,threshold_awareness_collection,NUMPY_EXACT_LSTM,0
6.4,SCENARIO_2,vehicle_B,OUTSIDE_CONTEXT,OUTSIDE,vehicle_D,[],0,0,1,0.1321432024902638,NEUTRAL,0.9692858111051607,NEUTRAL,MAINTAIN_30KMH,outside_context,NUMPY_EXACT_LSTM,0
6.4,SCENARIO_2,vehicle_C,DECISION_FINAL,DECISION,vehicle_D,[],0,0,1,0.9889539401653007,NEUTRAL,0.9539188605087429,WAIT,WAIT,decision_final_wait,NUMPY_EXACT_LSTM,0
6.4,SCENARIO_2,vehicle_D,DECISION_FINAL,DECISION,vehicle_C,[],0,0,1,0.9889539401653007,NEUTRAL,0.8754460669017652,WAIT,WAIT,decision_final_wait,NUMPY_EXACT_LSTM,0
6.6,SCENARIO_2,vehicle_A,OUTSIDE_CONTEXT,OUTSIDE,vehicle_C,[],0,0,0,6.547315415641744,NEUTRAL,0.9721909917352158,NEUTRAL,MAINTAIN_30KMH,outside_context,NUMPY_EXACT_LSTM,0
6.6,SCENARIO_2,vehicle_B,OUTSIDE_CONTEXT,OUTSIDE,vehicle_D,[],0,0,1,6.415158812066964,NEUTRAL,0.9426790890957913,NEUTRAL,MAINTAIN_30KMH,outside_context,NUMPY_EXACT_LSTM,0
6.6,SCENARIO_2,vehicle_C,DECISION_FINAL,DECISION,vehicle_D,[],0,0,0,0.989338741949167,NEUTRAL,0.9344422451923099,WAIT,WAIT,decision_final_wait,NUMPY_EXACT_LSTM,0
6.6,SCENARIO_2,vehicle_D,DECISION_FINAL,DECISION,vehicle_C,[],0,0,1,0.989338741949167,NEUTRAL,0.8733266413118099,WAIT,WAIT,decision_final_wait,NUMPY_EXACT_LSTM,0
6.8,SCENARIO_2,vehicle_A,OUTSIDE_CONTEXT,OUTSIDE,vehicle_C,[],0,0,0,6.545232511264017,NEUTRAL,0.9416697078801781,NEUTRAL,MAINTAIN_30KMH,outside_context,NUMPY_EXACT_LSTM,0
6.8,SCENARIO_2,vehicle_B,OUTSIDE_CONTEXT,OUTSIDE,vehicle_D,[],0,0,1,6.413064227915208,NEUTRAL,0.8652526923863568,NEUTRAL,MAINTAIN_30KMH,outside_context,NUMPY_EXACT_LSTM,0
6.8,SCENARIO_2,vehicle_C,DECISION_FINAL,DECISION,vehicle_D,[],0,0,0,0.9897038704192838,NEUTRAL,0.934082573595142,WAIT,WAIT,decision_final_wait,NUMPY_EXACT_LSTM,0
6.8,SCENARIO_2,vehicle_D,DECISION_FINAL,DECISION,vehicle_C,[],0,0,1,0.9897038704192838,NEUTRAL,0.871372004946798,WAIT,WAIT,decision_final_wait,NUMPY_EXACT_LSTM,0
7.0,SCENARIO_2,vehicle_A,OUTSIDE_CONTEXT,OUTSIDE,vehicle_C,[],0,0,0,7.533263844742832,NEUTRAL,0.8735011129982763,NEUTRAL,MAINTAIN_30KMH,outside_context,NUMPY_EXACT_LSTM,0
7.0,SCENARIO_2,vehicle_B,OUTSIDE_CONTEXT,OUTSIDE,vehicle_D,[],0,0,1,6.411034682086038,NEUTRAL,0.7362918416815759,NEUTRAL,MAINTAIN_30KMH,outside_context,NUMPY_EXACT_LSTM,0
7.0,SCENARIO_2,vehicle_C,DECISION_FINAL,DECISION,vehicle_D,[],0,0,0,0.9900506382942353,NEUTRAL,0.9324247675805164,WAIT,WAIT,decision_final_wait,NUMPY_EXACT_LSTM,0
7.0,SCENARIO_2,vehicle_D,DECISION_FINAL,DECISION,vehicle_C,[],0,0,1,0.9900506382942353,NEUTRAL,0.8667428143789364,WAIT,WAIT,decision_final_wait,NUMPY_EXACT_LSTM,0
7.2,SCENARIO_2,vehicle_A,OUTSIDE_CONTEXT,OUTSIDE,vehicle_C,[],0,0,0,7.531635671017929,NEUTRAL,0.7735076987825243,NEUTRAL,MAINTAIN_30KMH,outside_context,NUMPY_EXACT_LSTM,0
7.2,SCENARIO_2,vehicle_B,OUTSIDE_CONTEXT,OUTSIDE,vehicle_D,[],0,0,1,6.409067866441392,NEUTRAL,0.6505869712996404,NEUTRAL,MAINTAIN_30KMH,outside_context,NUMPY_EXACT_LSTM,0
7.2,SCENARIO_2,vehicle_C,DECISION_FINAL,DECISION,vehicle_D,[],0,0,0,0.9903802510747735,NEUTRAL,0.9300546187341039,WAIT,WAIT,decision_final_wait,NUMPY_EXACT_LSTM,0
7.2,SCENARIO_2,vehicle_D,DECISION_FINAL,DECISION,vehicle_C,[],0,0,1,0.9903802510747735,NEUTRAL,0.8675611453237059,WAIT,WAIT,decision_final_wait,NUMPY_EXACT_LSTM,0
7.4,SCENARIO_2,vehicle_A,OUTSIDE_CONTEXT,OUTSIDE,vehicle_C,[],0,0,0,7.5300508403276885,NEUTRAL,0.7162841463970674,NEUTRAL,MAINTAIN_30KMH,outside_context,NUMPY_EXACT_LSTM,0
7.4,SCENARIO_2,vehicle_B,OUTSIDE_CONTEXT,OUTSIDE,vehicle_D,[],0,0,1,6.407161468346577,NEUTRAL,0.6235715148811118,NEUTRAL,MAINTAIN_30KMH,outside_context,NUMPY_EXACT_LSTM,0
7.4,SCENARIO_2,vehicle_C,DECISION_FINAL,DECISION,vehicle_D,[],0,0,0,0.9906938173380411,NEUTRAL,0.9267166632790662,WAIT,WAIT,decision_final_wait,NUMPY_EXACT_LSTM,0
7.4,SCENARIO_2,vehicle_D,DECISION_FINAL,DECISION,vehicle_C,[],0,0,1,0.9906938173380411,NEUTRAL,0.8697316554997535,WAIT,WAIT,decision_final_wait,NUMPY_EXACT_LSTM,0
7.6,SCENARIO_2,vehicle_A,OUTSIDE_CONTEXT,OUTSIDE,vehicle_C,[],0,0,0,7.528508236173887,NEUTRAL,0.7046739312646653,NEUTRAL,MAINTAIN_30KMH,outside_context,NUMPY_EXACT_LSTM,0
7.6,SCENARIO_2,vehicle_B,OUTSIDE_CONTEXT,OUTSIDE,vehicle_D,[],0,0,1,6.405313200195551,NEUTRAL,0.6115294581135734,NEUTRAL,MAINTAIN_30KMH,outside_context,NUMPY_EXACT_LSTM,0
7.6,SCENARIO_2,vehicle_C,DECISION_FINAL,DECISION,vehicle_D,[],0,0,0,0.9909923579018471,NEUTRAL,0.9228336761253783,WAIT,WAIT,decision_final_wait,NUMPY_EXACT_LSTM,0
7.6,SCENARIO_2,vehicle_D,DECISION_FINAL,DECISION,vehicle_C,[],0,0,1,0.9909923579018471,NEUTRAL,0.8727183786331981,WAIT,WAIT,decision_final_wait,NUMPY_EXACT_LSTM,0
7.8,SCENARIO_2,vehicle_A,OUTSIDE_CONTEXT,OUTSIDE,vehicle_C,[],0,0,0,7.527006681544953,NEUTRAL,0.7035326759603139,NEUTRAL,MAINTAIN_30KMH,outside_context,NUMPY_EXACT_LSTM,0
7.8,SCENARIO_2,vehicle_B,OUTSIDE_CONTEXT,OUTSIDE,vehicle_D,[],0,0,1,6.403520819941849,NEUTRAL,0.579593246805082,NEUTRAL,MAINTAIN_30KMH,outside_context,NUMPY_EXACT_LSTM,0
7.8,SCENARIO_2,vehicle_C,DECISION_FINAL,DECISION,vehicle_D,[],0,0,0,0.9912768139979065,NEUTRAL,0.9185699342009842,WAIT,WAIT,decision_final_wait,NUMPY_EXACT_LSTM,0
7.8,SCENARIO_2,vehicle_D,DECISION_FINAL,DECISION,vehicle_C,[],0,0,1,0.9912768139979065,NEUTRAL,0.8761581875002195,WAIT,WAIT,decision_final_wait,NUMPY_EXACT_LSTM,0
8.0,SCENARIO_2,vehicle_A,OUTSIDE_CONTEXT,OUTSIDE,,[],0,0,0,100.0,NEUTRAL,0.6513834575707617,NEUTRAL,MAINTAIN_30KMH,outside_context,NUMPY_EXACT_LSTM,0
8.0,SCENARIO_2,vehicle_B,OUTSIDE_CONTEXT,OUTSIDE,vehicle_D,[],0,0,1,6.40178214508388,NEUTRAL,0.5435579762296517,NEUTRAL,MAINTAIN_30KMH,outside_context,NUMPY_EXACT_LSTM,0
8.0,SCENARIO_2,vehicle_C,DECISION_FINAL,DECISION,vehicle_D,[],0,0,0,0.9915480545742401,NEUTRAL,0.9130277452480028,WAIT,WAIT,decision_final_wait,NUMPY_EXACT_LSTM,0
8.0,SCENARIO_2,vehicle_D,DECISION_FINAL,DECISION,vehicle_C,[],0,0,1,0.9915480545742401,NEUTRAL,0.8798228620763464,WAIT,WAIT,decision_final_wait,NUMPY_EXACT_LSTM,0
8.2,SCENARIO_2,vehicle_A,OUTSIDE_CONTEXT,OUTSIDE,,[],0,0,0,100.0,NEUTRAL,0.633053128151993,NEUTRAL,MAINTAIN_30KMH,outside_context,NUMPY_EXACT_LSTM,0
8.2,SCENARIO_2,vehicle_B,DECISION_FINAL,DECISION,vehicle_D,[],0,0,1,12.230441913287798,GO,0.7946442289909879,GO,GO,decision_final_go,NUMPY_EXACT_LSTM,0
8.2,SCENARIO_2,vehicle_C,DECISION_FINAL,DECISION,vehicle_B,[],0,0,0,0.9918068828306392,NEUTRAL,0.9068095474823717,WAIT,WAIT,decision_final_wait,NUMPY_EXACT_LSTM,0
8.2,SCENARIO_2,vehicle_D,DECISION_FINAL,DECISION,vehicle_B,[],0,0,1,0.9918068828306392,NEUTRAL,0.8851614806756374,WAIT,WAIT,decision_final_wait,NUMPY_EXACT_LSTM,0
8.4,SCENARIO_2,vehicle_A,DECISION_FINAL,DECISION,vehicle_B,[],0,0,1,0.09931152484941347,GO,0.7625836368271758,GO,GO,decision_final_go,NUMPY_EXACT_LSTM,0
8.4,SCENARIO_2,vehicle_B,DECISION_FINAL,DECISION,vehicle_A,[],0,0,0,0.09931152484941347,YIELD,0.9313955006621875,YIELD,YIELD,decision_final_yield,NUMPY_EXACT_LSTM,0
8.4,SCENARIO_2,vehicle_C,DECISION_FINAL,DECISION,vehicle_B,[],0,0,0,0.9920540420775925,NEUTRAL,0.9026281083167199,WAIT,WAIT,decision_final_wait,NUMPY_EXACT_LSTM,0
8.4,SCENARIO_2,vehicle_D,DECISION_FINAL,DECISION,vehicle_B,[],0,0,1,0.9920540420775925,NEUTRAL,0.8982937787556542,WAIT,WAIT,decision_final_wait,NUMPY_EXACT_LSTM,0
8.6,SCENARIO_2,vehicle_A,DECISION_FINAL,DECISION,vehicle_B,[],0,0,1,0.14777219165130728,YIELD,0.9112828870509921,YIELD,YIELD,decision_final_yield,NUMPY_EXACT_LSTM,0
8.6,SCENARIO_2,vehicle_B,DECISION_FINAL,DECISION,vehicle_A,[],0,0,0,0.14777219165130728,YIELD,0.942585909542163,YIELD,YIELD,decision_final_yield,NUMPY_EXACT_LSTM,0
8.6,SCENARIO_2,vehicle_C,DECISION_FINAL,DECISION,vehicle_B,[],0,0,0,0.9922902209972531,NEUTRAL,0.903889537832566,WAIT,WAIT,decision_final_wait,NUMPY_EXACT_LSTM,0
8.6,SCENARIO_2,vehicle_D,DECISION_FINAL,DECISION,vehicle_A,[],0,0,1,0.9922902209972531,NEUTRAL,0.9012430199731981,WAIT,WAIT,decision_final_wait,NUMPY_EXACT_LSTM,0
8.8,SCENARIO_2,vehicle_A,DECISION_FINAL,DECISION,vehicle_B,[],0,0,1,0.18768995630967567,YIELD,0.9619319654943896,YIELD,YIELD,decision_final_yield,NUMPY_EXACT_LSTM,0
8.8,SCENARIO_2,vehicle_B,DECISION_FINAL,DECISION,vehicle_A,[],0,0,0,0.18768995630967567,YIELD,0.9527363007407353,YIELD,YIELD,decision_final_yield,NUMPY_EXACT_LSTM,0
8.8,SCENARIO_2,vehicle_C,DECISION_FINAL,DECISION,vehicle_B,[],0,0,0,0.9925160583749157,NEUTRAL,0.9040420085976435,WAIT,WAIT,decision_final_wait,NUMPY_EXACT_LSTM,0
8.8,SCENARIO_2,vehicle_D,DECISION_FINAL,DECISION,vehicle_A,[],0,0,1,0.9925160583749157,NEUTRAL,0.9060210359036397,WAIT,WAIT,decision_final_wait,NUMPY_EXACT_LSTM,0
9.0,SCENARIO_2,vehicle_A,DECISION_FINAL,DECISION,vehicle_B,[],0,0,1,0.24433076677900423,YIELD,0.9747775877772101,YIELD,YIELD,decision_final_yield,NUMPY_EXACT_LSTM,0
9.0,SCENARIO_2,vehicle_B,DECISION_FINAL,DECISION,vehicle_A,[],0,0,0,0.24433076677900423,YIELD,0.9631795649031594,YIELD,YIELD,decision_final_yield,NUMPY_EXACT_LSTM,0
9.0,SCENARIO_2,vehicle_C,DECISION_FINAL,DECISION,vehicle_B,[],0,0,0,0.9927321473607797,NEUTRAL,0.9043599009968484,WAIT,WAIT,decision_final_wait,NUMPY_EXACT_LSTM,0
9.0,SCENARIO_2,vehicle_D,DECISION_FINAL,DECISION,vehicle_A,[],0,0,1,0.9927321473607797,NEUTRAL,0.908133795533767,WAIT,WAIT,decision_final_wait,NUMPY_EXACT_LSTM,0
9.2,SCENARIO_2,vehicle_A,DECISION_FINAL,DECISION,vehicle_D,[],0,0,1,0.3421457457103001,YIELD,0.9771815435628821,YIELD,YIELD,decision_final_yield,NUMPY_EXACT_LSTM,0
9.2,SCENARIO_2,vehicle_B,DECISION_FINAL,DECISION,vehicle_A,[],0,0,0,0.3421457457103001,YIELD,0.9662276188532108,YIELD,YIELD,decision_final_yield,NUMPY_EXACT_LSTM,0
9.2,SCENARIO_2,vehicle_C,DECISION_FINAL,DECISION,vehicle_B,[],0,0,0,0.9929390393144946,NEUTRAL,0.9048085184744408,WAIT,WAIT,decision_final_wait,NUMPY_EXACT_LSTM,0
9.2,SCENARIO_2,vehicle_D,DECISION_FINAL,DECISION,vehicle_A,[],0,0,1,0.9929390393144946,NEUTRAL,0.9107950183770445,WAIT,WAIT,decision_final_wait,NUMPY_EXACT_LSTM,0
9.4,SCENARIO_2,vehicle_A,DECISION_FINAL,DECISION,vehicle_D,[],0,0,1,0.5370265313807996,YIELD,0.9585547431427673,YIELD,YIELD,decision_final_yield,NUMPY_EXACT_LSTM,0
9.4,SCENARIO_2,vehicle_B,DECISION_FINAL,DECISION,vehicle_C,[],0,0,0,0.5370265313807996,YIELD,0.9226873058376764,YIELD,YIELD,decision_final_yield,NUMPY_EXACT_LSTM,0
9.4,SCENARIO_2,vehicle_C,DECISION_FINAL,DECISION,vehicle_B,[],0,0,0,0.9931372472782094,NEUTRAL,0.905305129317911,WAIT,WAIT,decision_final_wait,NUMPY_EXACT_LSTM,0
9.4,SCENARIO_2,vehicle_D,DECISION_FINAL,DECISION,vehicle_A,[],0,0,1,0.9931372472782094,NEUTRAL,0.9137803924782056,WAIT,WAIT,decision_final_wait,NUMPY_EXACT_LSTM,0
9.6,SCENARIO_2,vehicle_A,DECISION_FINAL,DECISION,vehicle_D,[],0,0,1,0.3962467775032126,YIELD,0.8943704370475409,YIELD,YIELD,decision_final_yield,NUMPY_EXACT_LSTM,0
9.6,SCENARIO_2,vehicle_B,DECISION_FINAL,DECISION,vehicle_C,[],0,0,0,0.3962467775032126,NEUTRAL,0.688293721787413,WAIT,WAIT,decision_final_wait,NUMPY_EXACT_LSTM,0
9.6,SCENARIO_2,vehicle_C,DECISION_FINAL,DECISION,vehicle_B,[],0,0,0,0.993327249118563,NEUTRAL,0.9054891156614875,WAIT,WAIT,decision_final_wait,NUMPY_EXACT_LSTM,0
9.6,SCENARIO_2,vehicle_D,DECISION_FINAL,DECISION,vehicle_A,[],0,0,1,0.993327249118563,NEUTRAL,0.9169799651950377,WAIT,WAIT,decision_final_wait,NUMPY_EXACT_LSTM,0
9.8,SCENARIO_2,vehicle_A,DECISION_FINAL,DECISION,vehicle_D,[],0,0,1,1.5750942931798195,NEUTRAL,0.6459170287166025,WAIT,WAIT,decision_final_wait,NUMPY_EXACT_LSTM,0
9.8,SCENARIO_2,vehicle_B,DECISION_FINAL,DECISION,vehicle_C,[],0,0,0,1.5750942931798195,YIELD,0.6511544998136273,YIELD,YIELD,decision_final_yield,NUMPY_EXACT_LSTM,0
9.8,SCENARIO_2,vehicle_C,DECISION_FINAL,DECISION,vehicle_B,[],0,0,0,0.9935094903730874,NEUTRAL,0.90616612055692,WAIT,WAIT,decision_final_wait,NUMPY_EXACT_LSTM,0
9.8,SCENARIO_2,vehicle_D,DECISION_FINAL,DECISION,vehicle_A,[],0,0,1,0.9935094903730874,NEUTRAL,0.919620778045967,WAIT,WAIT,decision_final_wait,NUMPY_EXACT_LSTM,0
10.0,SCENARIO_2,vehicle_A,DECISION_FINAL,DECISION,vehicle_D,[],0,0,1,1.287099483497442,YIELD,0.5014759028247889,YIELD,YIELD,decision_final_yield,NUMPY_EXACT_LSTM,0
10.0,SCENARIO_2,vehicle_B,DECISION_FINAL,DECISION,vehicle_C,[],0,0,0,1.287099483497442,NEUTRAL,0.49118099283527816,WAIT,WAIT,decision_final_wait,NUMPY_EXACT_LSTM,0
10.0,SCENARIO_2,vehicle_C,DECISION_FINAL,DECISION,vehicle_B,[],0,0,0,0.9936843868322036,NEUTRAL,0.9052809705287099,WAIT,WAIT,decision_final_wait,NUMPY_EXACT_LSTM,0
10.0,SCENARIO_2,vehicle_D,DECISION_FINAL,DECISION,vehicle_A,[],0,0,1,0.9936843868322036,NEUTRAL,0.9228889388311445,WAIT,WAIT,decision_final_wait,NUMPY_EXACT_LSTM,0
10.2,SCENARIO_2,vehicle_A,DECISION_FINAL,DECISION,vehicle_D,[],0,0,1,2.662478063038828,YIELD,0.3720901449224416,YIELD,YIELD,decision_final_yield,NUMPY_EXACT_LSTM,0
10.2,SCENARIO_2,vehicle_B,DECISION_FINAL,DECISION,vehicle_C,[],0,0,0,2.662478063038828,YIELD,0.5556859573456289,YIELD,YIELD,decision_final_yield,NUMPY_EXACT_LSTM,0
10.2,SCENARIO_2,vehicle_C,DECISION_FINAL,DECISION,vehicle_B,[],0,0,0,0.9938523268845163,NEUTRAL,0.9026710317546504,WAIT,WAIT,decision_final_wait,NUMPY_EXACT_LSTM,0
10.2,SCENARIO_2,vehicle_D,DECISION_FINAL,DECISION,vehicle_A,[],0,0,1,0.9938523268845163,NEUTRAL,0.9193278425380874,WAIT,WAIT,decision_final_wait,NUMPY_EXACT_LSTM,0
10.4,SCENARIO_2,vehicle_A,DECISION_FINAL,DECISION,vehicle_D,[],0,0,1,1.2852796516234033,GO,0.6867180933252315,GO,GO,decision_final_go,NUMPY_EXACT_LSTM,0
10.4,SCENARIO_2,vehicle_B,DECISION_FINAL,DECISION,vehicle_C,[],0,0,0,1.2852796516234033,GO,0.6583521888782617,GO,GO,decision_final_go,NUMPY_EXACT_LSTM,0
10.4,SCENARIO_2,vehicle_C,DECISION_FINAL,DECISION,vehicle_B,[],0,0,0,0.9940136736497855,NEUTRAL,0.9004722398868289,WAIT,WAIT,decision_final_wait,NUMPY_EXACT_LSTM,0
10.4,SCENARIO_2,vehicle_D,DECISION_FINAL,DECISION,vehicle_A,[],0,0,1,0.9940136736497855,NEUTRAL,0.921506961227852,WAIT,WAIT,decision_final_wait,NUMPY_EXACT_LSTM,0
10.6,SCENARIO_2,vehicle_A,DECISION_FINAL,DECISION,vehicle_D,[],0,0,1,0.7834434561268218,GO,0.8757281278345105,GO,GO,decision_final_go,NUMPY_EXACT_LSTM,0
10.6,SCENARIO_2,vehicle_B,DECISION_FINAL,DECISION,vehicle_C,[],0,0,0,0.7834434561268218,GO,0.8467654176019196,GO,GO,decision_final_go,NUMPY_EXACT_LSTM,0
10.6,SCENARIO_2,vehicle_C,DECISION_FINAL,DECISION,vehicle_B,[],0,0,0,0.9941687669211774,NEUTRAL,0.8982077220036461,WAIT,WAIT,decision_final_wait,NUMPY_EXACT_LSTM,0
10.6,SCENARIO_2,vehicle_D,DECISION_FINAL,DECISION,vehicle_A,[],0,0,1,0.9941687669211774,NEUTRAL,0.9233196075090584,WAIT,WAIT,decision_final_wait,NUMPY_EXACT_LSTM,0
10.8,SCENARIO_2,vehicle_A,DECISION_FINAL,DECISION,vehicle_D,[],0,0,1,0.5104634756167288,GO,0.9151343889513417,GO,GO,decision_final_go,NUMPY_EXACT_LSTM,0
10.8,SCENARIO_2,vehicle_B,DECISION_FINAL,DECISION,vehicle_C,[],0,0,0,0.5104634756167288,GO,0.8760644366154232,GO,GO,decision_final_go,NUMPY_EXACT_LSTM,0
10.8,SCENARIO_2,vehicle_C,DECISION_FINAL,DECISION,vehicle_B,[],0,0,0,0.9943179249360057,NEUTRAL,0.8959893166113608,WAIT,WAIT,decision_final_wait,NUMPY_EXACT_LSTM,0
10.8,SCENARIO_2,vehicle_D,DECISION_FINAL,DECISION,vehicle_A,[],0,0,1,0.9943179249360057,NEUTRAL,0.9253640397240754,WAIT,WAIT,decision_final_wait,NUMPY_EXACT_LSTM,0
11.0,SCENARIO_2,vehicle_A,DECISION_FINAL,DECISION,vehicle_D,[],0,0,1,0.34481857125527426,GO,0.9199896125474398,GO,GO,decision_final_go,NUMPY_EXACT_LSTM,0
11.0,SCENARIO_2,vehicle_B,DECISION_FINAL,DECISION,vehicle_C,[],0,0,0,0.34481857125527426,GO,0.8593146137520882,GO,GO,decision_final_go,NUMPY_EXACT_LSTM,0
11.0,SCENARIO_2,vehicle_C,DECISION_FINAL,DECISION,vehicle_B,[],0,0,0,0.9944614459920604,NEUTRAL,0.8939807451417325,WAIT,WAIT,decision_final_wait,NUMPY_EXACT_LSTM,0
11.0,SCENARIO_2,vehicle_D,DECISION_FINAL,DECISION,vehicle_A,[],0,0,1,0.9944614459920604,NEUTRAL,0.9277508990653153,WAIT,WAIT,decision_final_wait,NUMPY_EXACT_LSTM,0
11.2,SCENARIO_2,vehicle_A,DECISION_FINAL,DECISION,vehicle_D,[],0,0,1,0.23639972674008414,GO,0.912172147826519,GO,GO,decision_final_go,NUMPY_EXACT_LSTM,0
11.2,SCENARIO_2,vehicle_B,DECISION_FINAL,DECISION,vehicle_C,[],0,0,0,0.23639972674008414,GO,0.8132508035068688,GO,GO,decision_final_go,NUMPY_EXACT_LSTM,0
11.2,SCENARIO_2,vehicle_C,DECISION_FINAL,DECISION,vehicle_B,[],0,0,0,0.9945996099245473,NEUTRAL,0.8923499541289192,WAIT,WAIT,decision_final_wait,NUMPY_EXACT_LSTM,0
11.2,SCENARIO_2,vehicle_D,DECISION_FINAL,DECISION,vehicle_A,[],0,0,1,0.9945996099245473,NEUTRAL,0.9306252520978138,WAIT,WAIT,decision_final_wait,NUMPY_EXACT_LSTM,0
11.4,SCENARIO_2,vehicle_A,DECISION_FINAL,DECISION,vehicle_D,[],0,0,1,0.11478374083465548,GO,0.8969768555670653,GO,GO,decision_final_go,NUMPY_EXACT_LSTM,0
11.4,SCENARIO_2,vehicle_B,DECISION_FINAL,DECISION,vehicle_C,[],0,0,0,0.11478374083465548,GO,0.7525409186347194,GO,GO,decision_final_go,NUMPY_EXACT_LSTM,0
11.4,SCENARIO_2,vehicle_C,DECISION_FINAL,DECISION,vehicle_B,[],0,0,0,4.4729939545161255,GO,0.8036913055231231,GO,GO,decision_final_go,NUMPY_EXACT_LSTM,0
11.4,SCENARIO_2,vehicle_D,DECISION_FINAL,DECISION,vehicle_A,[],0,0,1,4.4729939545161255,NEUTRAL,0.9414625831138789,WAIT,WAIT,decision_final_wait,NUMPY_EXACT_LSTM,0
11.6,SCENARIO_2,vehicle_A,DECISION_FINAL,DECISION,vehicle_D,[],0,0,1,0.17327547643394192,GO,0.8578418401118889,GO,GO,decision_final_go,NUMPY_EXACT_LSTM,0
11.6,SCENARIO_2,vehicle_B,DECISION_FINAL,DECISION,vehicle_C,[],0,0,0,0.17327547643394192,GO,0.705843918303546,GO,GO,decision_final_go,NUMPY_EXACT_LSTM,0
11.6,SCENARIO_2,vehicle_C,DECISION_FINAL,DECISION,vehicle_B,[],0,0,0,5.694308259876767,GO,0.9413430970430067,GO,GO,decision_final_go,NUMPY_EXACT_LSTM,0
11.6,SCENARIO_2,vehicle_D,DECISION_FINAL,DECISION,vehicle_A,[],0,0,1,7.339141595754096,NEUTRAL,0.9508561670124478,WAIT,WAIT,decision_final_wait,NUMPY_EXACT_LSTM,0
11.8,SCENARIO_2,vehicle_A,DECISION_FINAL,DECISION,vehicle_D,[],0,0,1,0.24632685446475255,GO,0.8444407169013339,GO,GO,decision_final_go,NUMPY_EXACT_LSTM,0
11.8,SCENARIO_2,vehicle_B,DECISION_FINAL,DECISION,vehicle_C,[],0,0,0,0.24632685446475255,GO,0.599788510720319,GO,GO,decision_final_go,NUMPY_EXACT_LSTM,0
11.8,SCENARIO_2,vehicle_C,DECISION_FINAL,DECISION,vehicle_B,[],0,0,0,3.961282786383663,GO,0.9703669141452524,GO,GO,decision_final_go,NUMPY_EXACT_LSTM,0
11.8,SCENARIO_2,vehicle_D,DECISION_FINAL,DECISION,vehicle_A,[],0,0,1,9.072414040334252,NEUTRAL,0.9603802587726262,WAIT,WAIT,decision_final_wait,NUMPY_EXACT_LSTM,0
12.0,SCENARIO_2,vehicle_A,DECISION_FINAL,DECISION,vehicle_D,[],0,0,1,0.246538959117232,GO,0.790585902424249,GO,GO,decision_final_go,NUMPY_EXACT_LSTM,0
12.0,SCENARIO_2,vehicle_B,DECISION_FINAL,DECISION,vehicle_C,[],0,0,0,0.246538959117232,GO,0.556872747593344,GO,GO,decision_final_go,NUMPY_EXACT_LSTM,0
12.0,SCENARIO_2,vehicle_C,DECISION_FINAL,DECISION,vehicle_B,[],0,0,0,2.78345804637519,GO,0.9781803603474131,GO,GO,decision_final_go,NUMPY_EXACT_LSTM,0
12.0,SCENARIO_2,vehicle_D,DECISION_FINAL,DECISION,vehicle_A,[],0,0,1,10.25034556585847,NEUTRAL,0.9690378781379788,WAIT,WAIT,decision_final_wait,NUMPY_EXACT_LSTM,0
12.2,SCENARIO_2,vehicle_A,DECISION_FINAL,DECISION,vehicle_D,[],0,0,1,0.24671322225826087,GO,0.7978801051202598,GO,GO,decision_final_go,NUMPY_EXACT_LSTM,0
12.2,SCENARIO_2,vehicle_B,DECISION_FINAL,DECISION,vehicle_C,[],0,0,0,0.24671322225826087,GO,0.48897922109123254,GO,GO,decision_final_go,NUMPY_EXACT_LSTM,0
12.2,SCENARIO_2,vehicle_C,DECISION_FINAL,DECISION,vehicle_B,[],0,0,0,1.9188799533072847,GO,0.9800605940029136,GO,GO,decision_final_go,NUMPY_EXACT_LSTM,0
12.2,SCENARIO_2,vehicle_D,DECISION_FINAL,DECISION,vehicle_A,[],0,0,1,11.11491881382059,NEUTRAL,0.9751748786137417,WAIT,WAIT,decision_final_wait,NUMPY_EXACT_LSTM,0
12.4,SCENARIO_2,vehicle_A,DECISION_FINAL,DECISION,vehicle_D,[],0,0,1,0.24685812280597696,GO,0.8199552942113374,GO,GO,decision_final_go,NUMPY_EXACT_LSTM,0
12.4,SCENARIO_2,vehicle_B,DECISION_FINAL,DECISION,vehicle_C,[],0,0,0,0.24685812280597696,GO,0.5306902454060394,GO,GO,decision_final_go,NUMPY_EXACT_LSTM,0
12.4,SCENARIO_2,vehicle_C,DECISION_FINAL,DECISION,vehicle_B,[],0,0,0,1.2483496832486303,GO,0.9832206339634022,GO,GO,decision_final_go,NUMPY_EXACT_LSTM,0
12.4,SCENARIO_2,vehicle_D,DECISION_FINAL,DECISION,vehicle_A,[],0,0,1,6.3176280092399715,GO,0.6986639930154341,GO,GO,decision_final_go,NUMPY_EXACT_LSTM,0
12.6,SCENARIO_2,vehicle_A,DECISION_FINAL,DECISION,vehicle_D,[],0,0,1,0.2469798950705262,GO,0.8457245276270208,GO,GO,decision_final_go,NUMPY_EXACT_LSTM,0
12.6,SCENARIO_2,vehicle_B,DECISION_FINAL,DECISION,vehicle_C,[],0,0,0,0.2469798950705262,GO,0.606373453264282,GO,GO,decision_final_go,NUMPY_EXACT_LSTM,0
12.6,SCENARIO_2,vehicle_C,THRESHOLD_MONITORING,THRESHOLD,vehicle_B,[],0,0,0,0.7063379912795278,NEUTRAL,0.979809531627766,NEUTRAL,MAINTAIN_30KMH,threshold_awareness_collection,NUMPY_EXACT_LSTM,0
12.6,SCENARIO_2,vehicle_D,DECISION_FINAL,DECISION,vehicle_A,[],0,0,1,3.9931970401892185,GO,0.9339582718388654,GO,GO,decision_final_go,NUMPY_EXACT_LSTM,0
12.8,SCENARIO_2,vehicle_A,DECISION_FINAL,DECISION,vehicle_D,[],0,0,1,0.24708320479935963,GO,0.8686328085040455,GO,GO,decision_final_go,NUMPY_EXACT_LSTM,0
12.8,SCENARIO_2,vehicle_B,DECISION_FINAL,DECISION,vehicle_C,[],0,0,0,0.24708320479935963,GO,0.6789264573487158,GO,GO,decision_final_go,NUMPY_EXACT_LSTM,0
12.8,SCENARIO_2,vehicle_C,THRESHOLD_MONITORING,THRESHOLD,vehicle_B,[],0,0,0,0.2538355409259272,NEUTRAL,0.9734356893929856,NEUTRAL,MAINTAIN_30KMH,threshold_awareness_collection,NUMPY_EXACT_LSTM,0
12.8,SCENARIO_2,vehicle_D,DECISION_FINAL,DECISION,vehicle_A,[],0,0,1,2.712077933405941,GO,0.9745652758071696,GO,GO,decision_final_go,NUMPY_EXACT_LSTM,0
13.0,SCENARIO_2,vehicle_A,THRESHOLD_MONITORING,THRESHOLD,vehicle_D,[],0,0,1,0.13383037585727386,NEUTRAL,0.8521254207028495,NEUTRAL,MAINTAIN_30KMH,threshold_awareness_collection,NUMPY_EXACT_LSTM,0
13.0,SCENARIO_2,vehicle_B,DECISION_FINAL,DECISION,vehicle_C,[],0,0,0,0.11334122352193399,GO,0.7485567533381323,GO,GO,decision_final_go,NUMPY_EXACT_LSTM,0
13.0,SCENARIO_2,vehicle_C,THRESHOLD_MONITORING,THRESHOLD,vehicle_B,[],0,0,0,0.11334122352193399,NEUTRAL,0.9627082693552518,NEUTRAL,MAINTAIN_30KMH,threshold_awareness_collection,NUMPY_EXACT_LSTM,0
13.0,SCENARIO_2,vehicle_D,DECISION_FINAL,DECISION,vehicle_A,[],0,0,1,1.7875894468164955,GO,0.9850287322760923,GO,GO,decision_final_go,NUMPY_EXACT_LSTM,0
13.2,SCENARIO_2,vehicle_A,THRESHOLD_MONITORING,THRESHOLD,vehicle_D,[],0,0,1,0.08055427315234232,NEUTRAL,0.9361834378013217,NEUTRAL,MAINTAIN_30KMH,threshold_awareness_collection,NUMPY_EXACT_LSTM,0
13.2,SCENARIO_2,vehicle_B,THRESHOLD_MONITORING,THRESHOLD,vehicle_C,[],0,0,0,0.14522591672648266,NEUTRAL,0.7530641288209236,NEUTRAL,MAINTAIN_30KMH,threshold_awareness_collection,NUMPY_EXACT_LSTM,0
13.2,SCENARIO_2,vehicle_C,THRESHOLD_MONITORING,THRESHOLD,vehicle_B,[],0,0,0,0.08055427315234232,NEUTRAL,0.9444075450305582,NEUTRAL,MAINTAIN_30KMH,threshold_awareness_collection,NUMPY_EXACT_LSTM,0
13.2,SCENARIO_2,vehicle_D,DECISION_FINAL,DECISION,vehicle_A,[],0,0,1,1.169836737658601,GO,0.9880526448617277,GO,GO,decision_final_go,NUMPY_EXACT_LSTM,0
13.4,SCENARIO_2,vehicle_A,THRESHOLD_MONITORING,THRESHOLD,vehicle_D,[],0,0,1,0.040515270797886416,NEUTRAL,0.9635395396146842,NEUTRAL,MAINTAIN_30KMH,threshold_awareness_collection,NUMPY_EXACT_LSTM,0
13.4,SCENARIO_2,vehicle_B,THRESHOLD_MONITORING,THRESHOLD,vehicle_C,[],0,0,0,0.0992485404512089,NEUTRAL,0.9140360573338528,NEUTRAL,MAINTAIN_30KMH,threshold_awareness_collection,NUMPY_EXACT_LSTM,0
13.4,SCENARIO_2,vehicle_C,THRESHOLD_MONITORING,THRESHOLD,vehicle_B,[],0,0,0,0.040515270797886416,NEUTRAL,0.9425552494743812,NEUTRAL,MAINTAIN_30KMH,threshold_awareness_collection,NUMPY_EXACT_LSTM,0
13.4,SCENARIO_2,vehicle_D,DECISION_FINAL,DECISION,vehicle_A,[],0,0,1,0.8869782886550421,GO,0.9894502501027154,GO,GO,decision_final_go,NUMPY_EXACT_LSTM,0
13.6,SCENARIO_2,vehicle_A,THRESHOLD_MONITORING,THRESHOLD,vehicle_D,[],0,0,1,0.00975813370365941,NEUTRAL,0.9760136668210075,NEUTRAL,MAINTAIN_30KMH,threshold_awareness_collection,NUMPY_EXACT_LSTM,0
13.6,SCENARIO_2,vehicle_B,THRESHOLD_MONITORING,THRESHOLD,vehicle_C,[],0,0,0,0.06449530570594098,NEUTRAL,0.9593242908920568,NEUTRAL,MAINTAIN_30KMH,threshold_awareness_collection,NUMPY_EXACT_LSTM,0
13.6,SCENARIO_2,vehicle_C,THRESHOLD_MONITORING,THRESHOLD,vehicle_B,[],0,0,0,0.00975813370365941,NEUTRAL,0.9505419718284959,NEUTRAL,MAINTAIN_30KMH,threshold_awareness_collection,NUMPY_EXACT_LSTM,0
13.6,SCENARIO_2,vehicle_D,THRESHOLD_MONITORING,THRESHOLD,vehicle_A,[],0,0,1,0.6830363843913343,NEUTRAL,0.987585963042773,NEUTRAL,MAINTAIN_30KMH,threshold_awareness_collection,NUMPY_EXACT_LSTM,0
13.8,SCENARIO_2,vehicle_A,THRESHOLD_MONITORING,THRESHOLD,vehicle_D,[],0,0,1,0.014309274399349814,NEUTRAL,0.9819750483986132,NEUTRAL,MAINTAIN_30KMH,threshold_awareness_collection,NUMPY_EXACT_LSTM,0
13.8,SCENARIO_2,vehicle_B,THRESHOLD_MONITORING,THRESHOLD,vehicle_C,[],0,0,0,0.023317478857566076,NEUTRAL,0.9730229561372232,NEUTRAL,MAINTAIN_30KMH,threshold_awareness_collection,NUMPY_EXACT_LSTM,0
13.8,SCENARIO_2,vehicle_C,THRESHOLD_MONITORING,THRESHOLD,vehicle_B,[],0,0,0,0.014309274399349814,NEUTRAL,0.9615040357015517,NEUTRAL,MAINTAIN_30KMH,threshold_awareness_collection,NUMPY_EXACT_LSTM,0
13.8,SCENARIO_2,vehicle_D,THRESHOLD_MONITORING,THRESHOLD,vehicle_A,[],0,0,1,0.5308003979419476,NEUTRAL,0.9871704377814511,NEUTRAL,MAINTAIN_30KMH,threshold_awareness_collection,NUMPY_EXACT_LSTM,0
14.0,SCENARIO_2,vehicle_A,THRESHOLD_MONITORING,THRESHOLD,vehicle_D,[],0,0,1,0.0164545670932581,NEUTRAL,0.9856951818050727,NEUTRAL,MAINTAIN_30KMH,threshold_awareness_collection,NUMPY_EXACT_LSTM,0
14.0,SCENARIO_2,vehicle_B,THRESHOLD_MONITORING,THRESHOLD,vehicle_C,[],0,0,0,0.0164545670932581,NEUTRAL,0.9787729796648837,NEUTRAL,MAINTAIN_30KMH,threshold_awareness_collection,NUMPY_EXACT_LSTM,0
14.0,SCENARIO_2,vehicle_C,THRESHOLD_MONITORING,THRESHOLD,vehicle_B,[],0,0,0,0.016986781072138246,NEUTRAL,0.972387443382772,NEUTRAL,MAINTAIN_30KMH,threshold_awareness_collection,NUMPY_EXACT_LSTM,0
14.0,SCENARIO_2,vehicle_D,THRESHOLD_MONITORING,THRESHOLD,vehicle_A,[],0,0,1,0.3969430381079375,NEUTRAL,0.9867080345461205,NEUTRAL,MAINTAIN_30KMH,threshold_awareness_collection,NUMPY_EXACT_LSTM,0
14.2,SCENARIO_2,vehicle_A,THRESHOLD_MONITORING,THRESHOLD,vehicle_D,[],0,0,1,0.0005030164018942074,NEUTRAL,0.9883509617639882,NEUTRAL,MAINTAIN_30KMH,threshold_awareness_collection,NUMPY_EXACT_LSTM,0
14.2,SCENARIO_2,vehicle_B,THRESHOLD_MONITORING,THRESHOLD,vehicle_C,[],0,0,0,0.0005030164018942074,NEUTRAL,0.9818645248564399,NEUTRAL,MAINTAIN_30KMH,threshold_awareness_collection,NUMPY_EXACT_LSTM,0
14.2,SCENARIO_2,vehicle_C,THRESHOLD_MONITORING,THRESHOLD,vehicle_B,[],0,0,0,0.08798261035400667,NEUTRAL,0.9723557733898556,NEUTRAL,MAINTAIN_30KMH,threshold_awareness_collection,NUMPY_EXACT_LSTM,0
14.2,SCENARIO_2,vehicle_D,THRESHOLD_MONITORING,THRESHOLD,vehicle_A,[],0,0,1,0.08798261035400667,NEUTRAL,0.9856362931186794,NEUTRAL,MAINTAIN_30KMH,threshold_awareness_collection,NUMPY_EXACT_LSTM,0
14.4,SCENARIO_2,vehicle_A,THRESHOLD_MONITORING,THRESHOLD,vehicle_D,[],0,0,1,0.10937502832483226,NEUTRAL,0.9860806201062159,NEUTRAL,MAINTAIN_30KMH,threshold_awareness_collection,NUMPY_EXACT_LSTM,0
14.4,SCENARIO_2,vehicle_B,THRESHOLD_MONITORING,THRESHOLD,vehicle_C,[],0,0,0,0.1391752573311238,NEUTRAL,0.9840033177223807,NEUTRAL,MAINTAIN_30KMH,threshold_awareness_collection,NUMPY_EXACT_LSTM,0
14.4,SCENARIO_2,vehicle_C,THRESHOLD_MONITORING,THRESHOLD,vehicle_B,[],0,0,0,0.2143229206339199,NEUTRAL,0.97781623005147,NEUTRAL,MAINTAIN_30KMH,threshold_awareness_collection,NUMPY_EXACT_LSTM,0
14.4,SCENARIO_2,vehicle_D,THRESHOLD_MONITORING,THRESHOLD,vehicle_A,[],0,0,1,0.10937502832483226,NEUTRAL,0.9850631038141608,NEUTRAL,MAINTAIN_30KMH,threshold_awareness_collection,NUMPY_EXACT_LSTM,0
14.6,SCENARIO_2,vehicle_A,THRESHOLD_MONITORING,THRESHOLD,vehicle_D,[],0,0,1,0.1637211178804101,NEUTRAL,0.9778304654188698,NEUTRAL,MAINTAIN_30KMH,threshold_awareness_collection,NUMPY_EXACT_LSTM,0
14.6,SCENARIO_2,vehicle_B,THRESHOLD_MONITORING,THRESHOLD,vehicle_C,[],0,0,0,0.06477343503089594,NEUTRAL,0.9823033080204709,NEUTRAL,MAINTAIN_30KMH,threshold_awareness_collection,NUMPY_EXACT_LSTM,0
14.6,SCENARIO_2,vehicle_C,OUTSIDE_CONTEXT,OUTSIDE,vehicle_B,[],0,0,0,0.3237396510410391,NEUTRAL,0.9727250271383557,NEUTRAL,MAINTAIN_30KMH,outside_context,NUMPY_EXACT_LSTM,0
14.6,SCENARIO_2,vehicle_D,THRESHOLD_MONITORING,THRESHOLD,vehicle_A,[],0,0,1,0.06477343503089594,NEUTRAL,0.9856957452847317,NEUTRAL,MAINTAIN_30KMH,threshold_awareness_collection,NUMPY_EXACT_LSTM,0
14.8,SCENARIO_2,vehicle_A,THRESHOLD_MONITORING,THRESHOLD,vehicle_D,[],0,0,1,0.22852572161250162,NEUTRAL,0.9741942615842369,NEUTRAL,MAINTAIN_30KMH,threshold_awareness_collection,NUMPY_EXACT_LSTM,0
14.8,SCENARIO_2,vehicle_B,THRESHOLD_MONITORING,THRESHOLD,vehicle_C,[],0,0,0,0.18500788718135475,NEUTRAL,0.97832426020119,NEUTRAL,MAINTAIN_30KMH,threshold_awareness_collection,NUMPY_EXACT_LSTM,0
14.8,SCENARIO_2,vehicle_C,OUTSIDE_CONTEXT,OUTSIDE,vehicle_B,[],0,0,0,0.5523013119438644,NEUTRAL,0.9636272108602839,NEUTRAL,MAINTAIN_30KMH,outside_context,NUMPY_EXACT_LSTM,0
14.8,SCENARIO_2,vehicle_D,THRESHOLD_MONITORING,THRESHOLD,vehicle_A,[],0,0,1,0.18500788718135475,NEUTRAL,0.9876067802889771,NEUTRAL,MAINTAIN_30KMH,threshold_awareness_collection,NUMPY_EXACT_LSTM,0
15.0,SCENARIO_2,vehicle_A,OUTSIDE_CONTEXT,OUTSIDE,vehicle_D,[],0,0,1,0.22855251052157843,NEUTRAL,0.9677743863409134,NEUTRAL,MAINTAIN_30KMH,outside_context,NUMPY_EXACT_LSTM,0
15.0,SCENARIO_2,vehicle_B,THRESHOLD_MONITORING,THRESHOLD,vehicle_C,[],0,0,0,0.22855251052157843,NEUTRAL,0.9777012296323849,NEUTRAL,MAINTAIN_30KMH,threshold_awareness_collection,NUMPY_EXACT_LSTM,0
15.0,SCENARIO_2,vehicle_C,OUTSIDE_CONTEXT,OUTSIDE,vehicle_B,[],0,0,0,0.5523592921817979,NEUTRAL,0.9499776244632749,NEUTRAL,MAINTAIN_30KMH,outside_context,NUMPY_EXACT_LSTM,0
15.0,SCENARIO_2,vehicle_D,THRESHOLD_MONITORING,THRESHOLD,vehicle_A,[],0,0,1,0.41590736957568986,NEUTRAL,0.9894861952841334,NEUTRAL,MAINTAIN_30KMH,threshold_awareness_collection,NUMPY_EXACT_LSTM,0
15.2,SCENARIO_2,vehicle_A,OUTSIDE_CONTEXT,OUTSIDE,vehicle_D,[],0,0,0,0.6750919636041335,NEUTRAL,0.9671716215744509,NEUTRAL,MAINTAIN_30KMH,outside_context,NUMPY_EXACT_LSTM,0
15.2,SCENARIO_2,vehicle_B,OUTSIDE_CONTEXT,OUTSIDE,vehicle_C,[],0,0,0,0.446516260437515,NEUTRAL,0.9728031863671691,NEUTRAL,MAINTAIN_30KMH,outside_context,NUMPY_EXACT_LSTM,0
15.2,SCENARIO_2,vehicle_C,OUTSIDE_CONTEXT,OUTSIDE,vehicle_B,[],0,0,0,0.5524097290982155,NEUTRAL,0.9356211763447568,NEUTRAL,MAINTAIN_30KMH,outside_context,NUMPY_EXACT_LSTM,0
15.2,SCENARIO_2,vehicle_D,THRESHOLD_MONITORING,THRESHOLD,vehicle_A,[],0,0,0,0.446516260437515,NEUTRAL,0.9879083160475755,NEUTRAL,MAINTAIN_30KMH,threshold_awareness_collection,NUMPY_EXACT_LSTM,0
15.4,SCENARIO_2,vehicle_A,OUTSIDE_CONTEXT,OUTSIDE,vehicle_D,[],0,0,0,0.6751624068390507,NEUTRAL,0.9563611770205914,NEUTRAL,MAINTAIN_30KMH,outside_context,NUMPY_EXACT_LSTM,0
15.4,SCENARIO_2,vehicle_B,OUTSIDE_CONTEXT,OUTSIDE,vehicle_C,[],0,0,0,0.44656649140711924,NEUTRAL,0.9642793107567219,NEUTRAL,MAINTAIN_30KMH,outside_context,NUMPY_EXACT_LSTM,0
15.4,SCENARIO_2,vehicle_C,OUTSIDE_CONTEXT,OUTSIDE,vehicle_B,[],0,0,0,0.5524538774707555,NEUTRAL,0.928598386289757,NEUTRAL,MAINTAIN_30KMH,outside_context,NUMPY_EXACT_LSTM,0
15.4,SCENARIO_2,vehicle_D,THRESHOLD_MONITORING,THRESHOLD,vehicle_A,[],0,0,0,0.44656649140711924,NEUTRAL,0.9874165420123381,NEUTRAL,MAINTAIN_30KMH,threshold_awareness_collection,NUMPY_EXACT_LSTM,0
15.6,SCENARIO_2,vehicle_A,OUTSIDE_CONTEXT,OUTSIDE,vehicle_D,[],0,0,0,0.6752236911026177,NEUTRAL,0.9435993798799451,NEUTRAL,MAINTAIN_30KMH,outside_context,NUMPY_EXACT_LSTM,0
15.6,SCENARIO_2,vehicle_B,OUTSIDE_CONTEXT,OUTSIDE,vehicle_C,[],0,0,0,0.5524927414747074,NEUTRAL,0.9514444016524591,NEUTRAL,MAINTAIN_30KMH,outside_context,NUMPY_EXACT_LSTM,0
15.6,SCENARIO_2,vehicle_C,OUTSIDE_CONTEXT,OUTSIDE,vehicle_B,[],0,0,0,0.5524927414747074,NEUTRAL,0.9262444391743294,NEUTRAL,MAINTAIN_30KMH,outside_context,NUMPY_EXACT_LSTM,0
15.6,SCENARIO_2,vehicle_D,OUTSIDE_CONTEXT,OUTSIDE,vehicle_A,[],0,0,0,0.6752236911026177,NEUTRAL,0.9825429825270199,NEUTRAL,MAINTAIN_30KMH,outside_context,NUMPY_EXACT_LSTM,0
15.8,SCENARIO_2,vehicle_A,OUTSIDE_CONTEXT,OUTSIDE,vehicle_D,[],0,0,0,0.6752773397877752,NEUTRAL,0.9335539058640302,NEUTRAL,MAINTAIN_30KMH,outside_context,NUMPY_EXACT_LSTM,0
15.8,SCENARIO_2,vehicle_B,OUTSIDE_CONTEXT,OUTSIDE,vehicle_C,[],0,0,0,0.5525271324600842,NEUTRAL,0.9395957777203602,NEUTRAL,MAINTAIN_30KMH,outside_context,NUMPY_EXACT_LSTM,0
15.8,SCENARIO_2,vehicle_C,OUTSIDE_CONTEXT,OUTSIDE,vehicle_B,[],0,0,0,0.5525271324600842,NEUTRAL,0.9235612267482907,NEUTRAL,MAINTAIN_30KMH,outside_context,NUMPY_EXACT_LSTM,0
15.8,SCENARIO_2,vehicle_D,OUTSIDE_CONTEXT,OUTSIDE,vehicle_A,[],0,0,0,0.6752773397877752,NEUTRAL,0.972331336758287,NEUTRAL,MAINTAIN_30KMH,outside_context,NUMPY_EXACT_LSTM,0
16.0,SCENARIO_2,vehicle_A,OUTSIDE_CONTEXT,OUTSIDE,vehicle_D,[],0,0,0,0.6753245719208545,NEUTRAL,0.9264167414300064,NEUTRAL,MAINTAIN_30KMH,outside_context,NUMPY_EXACT_LSTM,0
16.0,SCENARIO_2,vehicle_B,OUTSIDE_CONTEXT,OUTSIDE,vehicle_C,[],0,0,0,0.5525577117573262,NEUTRAL,0.9322215385827318,NEUTRAL,MAINTAIN_30KMH,outside_context,NUMPY_EXACT_LSTM,0
16.0,SCENARIO_2,vehicle_C,OUTSIDE_CONTEXT,OUTSIDE,vehicle_B,[],0,0,0,0.5525577117573262,NEUTRAL,0.9177689835617581,NEUTRAL,MAINTAIN_30KMH,outside_context,NUMPY_EXACT_LSTM,0
16.0,SCENARIO_2,vehicle_D,OUTSIDE_CONTEXT,OUTSIDE,vehicle_A,[],0,0,0,0.6753245719208545,NEUTRAL,0.9577344078032008,NEUTRAL,MAINTAIN_30KMH,outside_context,NUMPY_EXACT_LSTM,0
16.2,SCENARIO_2,vehicle_A,OUTSIDE_CONTEXT,OUTSIDE,vehicle_D,[],0,0,0,0.6753663723900081,NEUTRAL,0.9189088357245859,NEUTRAL,MAINTAIN_30KMH,outside_context,NUMPY_EXACT_LSTM,0
16.2,SCENARIO_2,vehicle_B,OUTSIDE_CONTEXT,OUTSIDE,vehicle_C,[],0,0,0,0.5525850227884854,NEUTRAL,0.9276047185280084,NEUTRAL,MAINTAIN_30KMH,outside_context,NUMPY_EXACT_LSTM,0
16.2,SCENARIO_2,vehicle_C,OUTSIDE_CONTEXT,OUTSIDE,vehicle_B,[],0,0,0,0.5525850227884854,NEUTRAL,0.912407373300798,NEUTRAL,MAINTAIN_30KMH,outside_context,NUMPY_EXACT_LSTM,0
16.2,SCENARIO_2,vehicle_D,OUTSIDE_CONTEXT,OUTSIDE,vehicle_A,[],0,0,0,0.6753663723900081,NEUTRAL,0.94288079479999,NEUTRAL,MAINTAIN_30KMH,outside_context,NUMPY_EXACT_LSTM,0
16.4,SCENARIO_2,vehicle_A,OUTSIDE_CONTEXT,OUTSIDE,vehicle_D,[],0,0,0,0.6754035439548494,NEUTRAL,0.9117350673171503,NEUTRAL,MAINTAIN_30KMH,outside_context,NUMPY_EXACT_LSTM,0
16.4,SCENARIO_2,vehicle_B,OUTSIDE_CONTEXT,OUTSIDE,vehicle_C,[],0,0,0,0.5526095154332111,NEUTRAL,0.9217420361903143,NEUTRAL,MAINTAIN_30KMH,outside_context,NUMPY_EXACT_LSTM,0
16.4,SCENARIO_2,vehicle_C,OUTSIDE_CONTEXT,OUTSIDE,vehicle_B,[],0,0,0,0.5526095154332111,NEUTRAL,0.9082788013766255,NEUTRAL,MAINTAIN_30KMH,outside_context,NUMPY_EXACT_LSTM,0
16.4,SCENARIO_2,vehicle_D,OUTSIDE_CONTEXT,OUTSIDE,vehicle_A,[],0,0,0,0.6754035439548494,NEUTRAL,0.9327442762114572,NEUTRAL,MAINTAIN_30KMH,outside_context,NUMPY_EXACT_LSTM,0
16.6,SCENARIO_2,vehicle_A,OUTSIDE_CONTEXT,OUTSIDE,vehicle_D,[],0,0,0,0.6754367462494155,NEUTRAL,0.9084820841761653,NEUTRAL,MAINTAIN_30KMH,outside_context,NUMPY_EXACT_LSTM,0
16.6,SCENARIO_2,vehicle_B,OUTSIDE_CONTEXT,OUTSIDE,vehicle_C,[],0,0,1,5.37060375794451,NEUTRAL,0.8162529588386888,NEUTRAL,MAINTAIN_30KMH,outside_context,NUMPY_EXACT_LSTM,0
16.6,SCENARIO_2,vehicle_C,DECISION_FINAL,DECISION,vehicle_D,[],0,0,0,4.923843354423583,GO,0.8791258502284361,GO,GO,decision_final_go,NUMPY_EXACT_LSTM,0
16.6,SCENARIO_2,vehicle_D,OUTSIDE_CONTEXT,OUTSIDE,vehicle_A,[],0,0,0,0.6754367462494155,NEUTRAL,0.9253820230348888,NEUTRAL,MAINTAIN_30KMH,outside_context,NUMPY_EXACT_LSTM,0
16.8,SCENARIO_2,vehicle_B,OUTSIDE_CONTEXT,OUTSIDE,,[],0,0,0,100.0,NEUTRAL,0.7631064848336954,NEUTRAL,MAINTAIN_30KMH,outside_context,NUMPY_EXACT_LSTM,0
16.8,SCENARIO_2,vehicle_C,DECISION_FINAL,DECISION,vehicle_D,[],0,0,0,4.927175056587499,YIELD,0.8563318231197109,YIELD,YIELD,decision_final_yield,NUMPY_EXACT_LSTM,0
16.8,SCENARIO_2,vehicle_D,OUTSIDE_CONTEXT,OUTSIDE,vehicle_C,[],0,0,0,4.927175056587499,NEUTRAL,0.8918082086634832,NEUTRAL,MAINTAIN_30KMH,outside_context,NUMPY_EXACT_LSTM,0
17.0,SCENARIO_2,vehicle_C,DECISION_FINAL,DECISION,vehicle_D,[],0,0,0,4.878511863669266,YIELD,0.9386453029409919,YIELD,YIELD,decision_final_yield,NUMPY_EXACT_LSTM,0
17.0,SCENARIO_2,vehicle_D,OUTSIDE_CONTEXT,OUTSIDE,vehicle_C,[],0,0,0,4.878511863669266,NEUTRAL,0.826005232997127,NEUTRAL,MAINTAIN_30KMH,outside_context,NUMPY_EXACT_LSTM,0
17.2,SCENARIO_2,vehicle_C,DECISION_FINAL,DECISION,,[],0,0,0,100.0,YIELD,0.8986563586777334,YIELD,YIELD,decision_final_yield,NUMPY_EXACT_LSTM,0
17.2,SCENARIO_2,vehicle_D,OUTSIDE_CONTEXT,OUTSIDE,,[],0,0,0,100.0,NEUTRAL,0.7323836671310742,NEUTRAL,MAINTAIN_30KMH,outside_context,NUMPY_EXACT_LSTM,0
17.4,SCENARIO_2,vehicle_C,DECISION_FINAL,DECISION,,[],0,0,0,100.0,YIELD,0.9115235392244896,YIELD,YIELD,decision_final_yield,NUMPY_EXACT_LSTM,0
17.4,SCENARIO_2,vehicle_D,OUTSIDE_CONTEXT,OUTSIDE,,[],0,0,0,100.0,NEUTRAL,0.6637156172870459,NEUTRAL,MAINTAIN_30KMH,outside_context,NUMPY_EXACT_LSTM,0
17.6,SCENARIO_2,vehicle_C,DECISION_FINAL,DECISION,vehicle_D,[],0,0,0,1.6675079181012924,YIELD,0.9636418256707985,YIELD,YIELD,decision_final_yield,NUMPY_EXACT_LSTM,0
17.6,SCENARIO_2,vehicle_D,DECISION_FINAL,DECISION,vehicle_C,[],0,0,0,1.6675079181012924,GO,0.8318472580893714,GO,GO,decision_final_go,NUMPY_EXACT_LSTM,0
17.8,SCENARIO_2,vehicle_C,DECISION_FINAL,DECISION,vehicle_D,[],0,0,0,2.2644200382409263,YIELD,0.928645691432599,YIELD,YIELD,decision_final_yield,NUMPY_EXACT_LSTM,0
17.8,SCENARIO_2,vehicle_D,DECISION_FINAL,DECISION,vehicle_C,[],0,0,1,2.2644200382409263,YIELD,0.9350431318593312,YIELD,YIELD,decision_final_yield,NUMPY_EXACT_LSTM,0
18.0,SCENARIO_2,vehicle_C,DECISION_FINAL,DECISION,vehicle_D,[],0,0,0,2.6832141874481112,NEUTRAL,0.6207646437073686,WAIT,WAIT,decision_final_wait,NUMPY_EXACT_LSTM,0
18.0,SCENARIO_2,vehicle_D,DECISION_FINAL,DECISION,vehicle_C,[],0,0,1,2.6832141874481112,YIELD,0.9688240850214457,YIELD,YIELD,decision_final_yield,NUMPY_EXACT_LSTM,0
18.2,SCENARIO_2,vehicle_C,DECISION_FINAL,DECISION,vehicle_D,[],0,0,0,4.490782795344463,YIELD,0.6705677779216248,YIELD,YIELD,decision_final_yield,NUMPY_EXACT_LSTM,0
18.2,SCENARIO_2,vehicle_D,DECISION_FINAL,DECISION,vehicle_C,[],0,0,1,4.490782795344463,YIELD,0.9712037759811237,YIELD,YIELD,decision_final_yield,NUMPY_EXACT_LSTM,0
18.4,SCENARIO_2,vehicle_C,DECISION_FINAL,DECISION,vehicle_D,[],0,0,0,2.944349769674351,GO,0.48310604786030803,GO,GO,decision_final_go,NUMPY_EXACT_LSTM,0
18.4,SCENARIO_2,vehicle_D,DECISION_FINAL,DECISION,vehicle_C,[],0,0,1,2.944349769674351,YIELD,0.971072184011737,YIELD,YIELD,decision_final_yield,NUMPY_EXACT_LSTM,0
18.6,SCENARIO_2,vehicle_C,DECISION_FINAL,DECISION,vehicle_D,[],0,0,0,1.7539275927872444,GO,0.7769053085562819,GO,GO,decision_final_go,NUMPY_EXACT_LSTM,0
18.6,SCENARIO_2,vehicle_D,DECISION_FINAL,DECISION,vehicle_C,[],0,0,1,1.7539275927872444,YIELD,0.9535061255315623,YIELD,YIELD,decision_final_yield,NUMPY_EXACT_LSTM,0
18.8,SCENARIO_2,vehicle_C,DECISION_FINAL,DECISION,vehicle_D,[],0,0,0,0.5487814163675426,GO,0.8545386713677106,GO,GO,decision_final_go,NUMPY_EXACT_LSTM,0
18.8,SCENARIO_2,vehicle_D,DECISION_FINAL,DECISION,vehicle_C,[],0,0,1,0.5487814163675426,YIELD,0.8307330057382953,YIELD,YIELD,decision_final_yield,NUMPY_EXACT_LSTM,0
19.0,SCENARIO_2,vehicle_C,DECISION_FINAL,DECISION,vehicle_D,[],0,0,0,0.3856908654340945,GO,0.8667959378128239,GO,GO,decision_final_go,NUMPY_EXACT_LSTM,0
19.0,SCENARIO_2,vehicle_D,DECISION_FINAL,DECISION,vehicle_C,[],0,0,1,0.3856908654340945,NEUTRAL,0.8197810772567495,WAIT,WAIT,decision_final_wait,NUMPY_EXACT_LSTM,0
19.2,SCENARIO_2,vehicle_C,DECISION_FINAL,DECISION,vehicle_D,[],0,0,0,2.6751001872707048,GO,0.8153199234885382,GO,GO,decision_final_go,NUMPY_EXACT_LSTM,0
19.2,SCENARIO_2,vehicle_D,DECISION_FINAL,DECISION,vehicle_C,[],0,0,1,2.6751001872707048,YIELD,0.5931155101388165,YIELD,YIELD,decision_final_yield,NUMPY_EXACT_LSTM,0
19.4,SCENARIO_2,vehicle_C,DECISION_FINAL,DECISION,vehicle_D,[],0,0,0,1.6328501888260392,GO,0.7517098739622466,GO,GO,decision_final_go,NUMPY_EXACT_LSTM,0
19.4,SCENARIO_2,vehicle_D,DECISION_FINAL,DECISION,vehicle_C,[],0,0,1,1.6328501888260392,GO,0.3907213773762151,GO,GO,decision_final_go,NUMPY_EXACT_LSTM,0
19.6,SCENARIO_2,vehicle_C,DECISION_FINAL,DECISION,vehicle_D,[],0,0,0,0.9247998326342257,GO,0.7059664085622945,GO,GO,decision_final_go,NUMPY_EXACT_LSTM,0
19.6,SCENARIO_2,vehicle_D,DECISION_FINAL,DECISION,vehicle_C,[],0,0,1,0.9247998326342257,GO,0.8359631350853709,GO,GO,decision_final_go,NUMPY_EXACT_LSTM,0
19.8,SCENARIO_2,vehicle_C,DECISION_FINAL,DECISION,vehicle_D,[],0,0,0,0.3144175573103216,GO,0.6308949425747197,GO,GO,decision_final_go,NUMPY_EXACT_LSTM,0
19.8,SCENARIO_2,vehicle_D,DECISION_FINAL,DECISION,vehicle_C,[],0,0,1,0.3144175573103216,GO,0.9278861021689662,GO,GO,decision_final_go,NUMPY_EXACT_LSTM,0
20.0,SCENARIO_2,vehicle_C,DECISION_FINAL,DECISION,vehicle_D,[],0,0,0,0.15157015072038993,GO,0.6057538659698145,GO,GO,decision_final_go,NUMPY_EXACT_LSTM,0
20.0,SCENARIO_2,vehicle_D,DECISION_FINAL,DECISION,vehicle_C,[],0,0,1,0.15157015072038993,GO,0.9474496963826002,GO,GO,decision_final_go,NUMPY_EXACT_LSTM,0
20.2,SCENARIO_2,vehicle_C,DECISION_FINAL,DECISION,vehicle_D,[],0,0,0,0.526765450525915,GO,0.5715232591068872,GO,GO,decision_final_go,NUMPY_EXACT_LSTM,0
20.2,SCENARIO_2,vehicle_D,DECISION_FINAL,DECISION,vehicle_C,[],0,0,1,0.526765450525915,GO,0.9476958929980352,GO,GO,decision_final_go,NUMPY_EXACT_LSTM,0
20.4,SCENARIO_2,vehicle_C,DECISION_FINAL,DECISION,vehicle_D,[],0,0,0,0.841156972104018,GO,0.6332574044474227,GO,GO,decision_final_go,NUMPY_EXACT_LSTM,0
20.4,SCENARIO_2,vehicle_D,DECISION_FINAL,DECISION,vehicle_C,[],0,0,1,0.841156972104018,GO,0.9409178843997821,GO,GO,decision_final_go,NUMPY_EXACT_LSTM,0
20.6,SCENARIO_2,vehicle_C,DECISION_FINAL,DECISION,vehicle_D,[],0,0,0,0.9947836564058923,GO,0.6948548018934116,GO,GO,decision_final_go,NUMPY_EXACT_LSTM,0
20.6,SCENARIO_2,vehicle_D,DECISION_FINAL,DECISION,vehicle_C,[],0,0,1,0.9947836564058923,GO,0.9216986269401825,GO,GO,decision_final_go,NUMPY_EXACT_LSTM,0
20.8,SCENARIO_2,vehicle_C,DECISION_FINAL,DECISION,vehicle_D,[],0,0,0,0.9953780016098346,GO,0.7606982931032492,GO,GO,decision_final_go,NUMPY_EXACT_LSTM,0
20.8,SCENARIO_2,vehicle_D,DECISION_FINAL,DECISION,vehicle_C,[],0,0,1,0.9953780016098346,GO,0.879953203627882,GO,GO,decision_final_go,NUMPY_EXACT_LSTM,0
21.0,SCENARIO_2,vehicle_C,THRESHOLD_MONITORING,THRESHOLD,vehicle_D,[],0,0,0,0.9958759177626506,NEUTRAL,0.8055297005381605,NEUTRAL,MAINTAIN_30KMH,threshold_awareness_collection,NUMPY_EXACT_LSTM,0
21.0,SCENARIO_2,vehicle_D,DECISION_FINAL,DECISION,vehicle_C,[],0,0,1,0.9958759177626506,GO,0.859555377296063,GO,GO,decision_final_go,NUMPY_EXACT_LSTM,0
21.2,SCENARIO_2,vehicle_C,THRESHOLD_MONITORING,THRESHOLD,vehicle_D,[],0,0,0,0.603523011406736,NEUTRAL,0.921948755762393,NEUTRAL,MAINTAIN_30KMH,threshold_awareness_collection,NUMPY_EXACT_LSTM,0
21.2,SCENARIO_2,vehicle_D,DECISION_FINAL,DECISION,vehicle_C,[],0,0,1,0.603523011406736,GO,0.8153833381760782,GO,GO,decision_final_go,NUMPY_EXACT_LSTM,0
21.4,SCENARIO_2,vehicle_C,THRESHOLD_MONITORING,THRESHOLD,vehicle_D,[],0,0,0,0.26157882074040906,NEUTRAL,0.9595132782426594,NEUTRAL,MAINTAIN_30KMH,threshold_awareness_collection,NUMPY_EXACT_LSTM,0
21.4,SCENARIO_2,vehicle_D,DECISION_FINAL,DECISION,vehicle_C,[],0,0,1,0.26157882074040906,GO,0.8173019799054907,GO,GO,decision_final_go,NUMPY_EXACT_LSTM,0
21.6,SCENARIO_2,vehicle_C,THRESHOLD_MONITORING,THRESHOLD,vehicle_D,[],0,0,0,0.0419479453403917,NEUTRAL,0.9716341203095273,NEUTRAL,MAINTAIN_30KMH,threshold_awareness_collection,NUMPY_EXACT_LSTM,0
21.6,SCENARIO_2,vehicle_D,DECISION_FINAL,DECISION,vehicle_C,[],0,0,1,0.0419479453403917,GO,0.8354373109410389,GO,GO,decision_final_go,NUMPY_EXACT_LSTM,0
21.8,SCENARIO_2,vehicle_C,THRESHOLD_MONITORING,THRESHOLD,vehicle_D,[],0,0,0,0.3155252431708022,NEUTRAL,0.9766258581377217,NEUTRAL,MAINTAIN_30KMH,threshold_awareness_collection,NUMPY_EXACT_LSTM,0
21.8,SCENARIO_2,vehicle_D,DECISION_FINAL,DECISION,vehicle_C,[],0,0,1,0.3155252431708022,GO,0.8553733141515941,GO,GO,decision_final_go,NUMPY_EXACT_LSTM,0
22.0,SCENARIO_2,vehicle_C,THRESHOLD_MONITORING,THRESHOLD,vehicle_D,[],0,0,0,0.5653032780332379,NEUTRAL,0.9791541995809808,NEUTRAL,MAINTAIN_30KMH,threshold_awareness_collection,NUMPY_EXACT_LSTM,0
22.0,SCENARIO_2,vehicle_D,THRESHOLD_MONITORING,THRESHOLD,vehicle_C,[],0,0,1,0.5653032780332379,NEUTRAL,0.8566589652925304,NEUTRAL,MAINTAIN_30KMH,threshold_awareness_collection,NUMPY_EXACT_LSTM,0
22.2,SCENARIO_2,vehicle_C,THRESHOLD_MONITORING,THRESHOLD,vehicle_D,[],0,0,0,0.4030825099976183,NEUTRAL,0.9814564697518079,NEUTRAL,MAINTAIN_30KMH,threshold_awareness_collection,NUMPY_EXACT_LSTM,0
22.2,SCENARIO_2,vehicle_D,THRESHOLD_MONITORING,THRESHOLD,vehicle_C,[],0,0,1,0.4030825099976183,NEUTRAL,0.9508907914933941,NEUTRAL,MAINTAIN_30KMH,threshold_awareness_collection,NUMPY_EXACT_LSTM,0
22.4,SCENARIO_2,vehicle_C,THRESHOLD_MONITORING,THRESHOLD,vehicle_D,[],0,0,0,0.1506145793007745,NEUTRAL,0.981708322281301,NEUTRAL,MAINTAIN_30KMH,threshold_awareness_collection,NUMPY_EXACT_LSTM,0
22.4,SCENARIO_2,vehicle_D,THRESHOLD_MONITORING,THRESHOLD,vehicle_C,[],0,0,1,0.1506145793007745,NEUTRAL,0.9753351026068305,NEUTRAL,MAINTAIN_30KMH,threshold_awareness_collection,NUMPY_EXACT_LSTM,0
22.6,SCENARIO_2,vehicle_C,THRESHOLD_MONITORING,THRESHOLD,vehicle_D,[],0,0,0,0.1534477838051207,NEUTRAL,0.9823107888830299,NEUTRAL,MAINTAIN_30KMH,threshold_awareness_collection,NUMPY_EXACT_LSTM,0
22.6,SCENARIO_2,vehicle_D,THRESHOLD_MONITORING,THRESHOLD,vehicle_C,[],0,0,1,0.1534477838051207,NEUTRAL,0.9825535145601489,NEUTRAL,MAINTAIN_30KMH,threshold_awareness_collection,NUMPY_EXACT_LSTM,0
22.8,SCENARIO_2,vehicle_C,THRESHOLD_MONITORING,THRESHOLD,vehicle_D,[],0,0,0,0.4275061032477283,NEUTRAL,0.9856847009775291,NEUTRAL,MAINTAIN_30KMH,threshold_awareness_collection,NUMPY_EXACT_LSTM,0
22.8,SCENARIO_2,vehicle_D,THRESHOLD_MONITORING,THRESHOLD,vehicle_C,[],0,0,1,0.4275061032477283,NEUTRAL,0.986520082074148,NEUTRAL,MAINTAIN_30KMH,threshold_awareness_collection,NUMPY_EXACT_LSTM,0
23.0,SCENARIO_2,vehicle_C,OUTSIDE_CONTEXT,OUTSIDE,vehicle_D,[],0,0,0,0.6777185013945961,NEUTRAL,0.9814685668092297,NEUTRAL,MAINTAIN_30KMH,outside_context,NUMPY_EXACT_LSTM,0
23.0,SCENARIO_2,vehicle_D,THRESHOLD_MONITORING,THRESHOLD,vehicle_C,[],0,0,0,0.6777185013945961,NEUTRAL,0.986443670009404,NEUTRAL,MAINTAIN_30KMH,threshold_awareness_collection,NUMPY_EXACT_LSTM,0
23.2,SCENARIO_2,vehicle_C,OUTSIDE_CONTEXT,OUTSIDE,vehicle_D,[],0,0,0,0.908666138277272,NEUTRAL,0.973128590518865,NEUTRAL,MAINTAIN_30KMH,outside_context,NUMPY_EXACT_LSTM,0
23.2,SCENARIO_2,vehicle_D,THRESHOLD_MONITORING,THRESHOLD,vehicle_C,[],0,0,0,0.908666138277272,NEUTRAL,0.9886869239871122,NEUTRAL,MAINTAIN_30KMH,threshold_awareness_collection,NUMPY_EXACT_LSTM,0
23.4,SCENARIO_2,vehicle_C,OUTSIDE_CONTEXT,OUTSIDE,vehicle_D,[],0,0,0,0.9988614169405965,NEUTRAL,0.9604150571225206,NEUTRAL,MAINTAIN_30KMH,outside_context,NUMPY_EXACT_LSTM,0
23.4,SCENARIO_2,vehicle_D,THRESHOLD_MONITORING,THRESHOLD,vehicle_C,[],0,0,0,0.9988614169405965,NEUTRAL,0.9887816297992622,NEUTRAL,MAINTAIN_30KMH,threshold_awareness_collection,NUMPY_EXACT_LSTM,0
23.6,SCENARIO_2,vehicle_C,OUTSIDE_CONTEXT,OUTSIDE,,[],0,0,0,100.0,NEUTRAL,0.9250620432300961,NEUTRAL,MAINTAIN_30KMH,outside_context,NUMPY_EXACT_LSTM,0
23.6,SCENARIO_2,vehicle_D,THRESHOLD_MONITORING,THRESHOLD,,[],0,0,0,100.0,NEUTRAL,0.9821859893190704,NEUTRAL,MAINTAIN_30KMH,threshold_awareness_collection,NUMPY_EXACT_LSTM,0
23.8,SCENARIO_2,vehicle_C,OUTSIDE_CONTEXT,OUTSIDE,,[],0,0,0,100.0,NEUTRAL,0.8789985667828938,NEUTRAL,MAINTAIN_30KMH,outside_context,NUMPY_EXACT_LSTM,0
23.8,SCENARIO_2,vehicle_D,THRESHOLD_MONITORING,THRESHOLD,,[],0,0,0,100.0,NEUTRAL,0.977943165958,NEUTRAL,MAINTAIN_30KMH,threshold_awareness_collection,NUMPY_EXACT_LSTM,0
24.0,SCENARIO_2,vehicle_C,OUTSIDE_CONTEXT,OUTSIDE,,[],0,0,0,100.0,NEUTRAL,0.8316655596556852,NEUTRAL,MAINTAIN_30KMH,outside_context,NUMPY_EXACT_LSTM,0
24.0,SCENARIO_2,vehicle_D,OUTSIDE_CONTEXT,OUTSIDE,,[],0,0,0,100.0,NEUTRAL,0.9638900574197709,NEUTRAL,MAINTAIN_30KMH,outside_context,NUMPY_EXACT_LSTM,0
24.2,SCENARIO_2,vehicle_C,OUTSIDE_CONTEXT,OUTSIDE,,[],0,0,0,100.0,NEUTRAL,0.7821831103629241,NEUTRAL,MAINTAIN_30KMH,outside_context,NUMPY_EXACT_LSTM,0
24.2,SCENARIO_2,vehicle_D,OUTSIDE_CONTEXT,OUTSIDE,,[],0,0,0,100.0,NEUTRAL,0.9456895944577008,NEUTRAL,MAINTAIN_30KMH,outside_context,NUMPY_EXACT_LSTM,0
24.4,SCENARIO_2,vehicle_C,OUTSIDE_CONTEXT,OUTSIDE,,[],0,0,0,100.0,NEUTRAL,0.7223986536340508,NEUTRAL,MAINTAIN_30KMH,outside_context,NUMPY_EXACT_LSTM,0
24.4,SCENARIO_2,vehicle_D,OUTSIDE_CONTEXT,OUTSIDE,,[],0,0,0,100.0,NEUTRAL,0.9221075941042173,NEUTRAL,MAINTAIN_30KMH,outside_context,NUMPY_EXACT_LSTM,0
24.6,SCENARIO_2,vehicle_C,OUTSIDE_CONTEXT,OUTSIDE,,[],0,0,0,100.0,NEUTRAL,0.6746883427433745,NEUTRAL,MAINTAIN_30KMH,outside_context,NUMPY_EXACT_LSTM,0
24.6,SCENARIO_2,vehicle_D,OUTSIDE_CONTEXT,OUTSIDE,,[],0,0,0,100.0,NEUTRAL,0.895328726929665,NEUTRAL,MAINTAIN_30KMH,outside_context,NUMPY_EXACT_LSTM,0
24.8,SCENARIO_2,vehicle_D,OUTSIDE_CONTEXT,OUTSIDE,,[],0,0,0,100.0,NEUTRAL,0.8559260714091576,NEUTRAL,MAINTAIN_30KMH,outside_context,NUMPY_EXACT_LSTM,0
25.0,SCENARIO_2,vehicle_D,OUTSIDE_CONTEXT,OUTSIDE,,[],0,0,0,100.0,NEUTRAL,0.8135075491019941,NEUTRAL,MAINTAIN_30KMH,outside_context,NUMPY_EXACT_LSTM,0
