event_id,event_start_time,finalization_time,finalization_reason,event_category,ego_id,target_id,ground_truth_route_id_debug,ground_truth_label_debug,latest_history_count,maximum_history_count,latest_estimated_eta,latest_observation_age,primary_trigger_time,primary_trigger_eta_seconds,primary_distance_to_entry_meters,primary_stage_reached,primary_observed_at_trigger,primary_observation_age_seconds,primary_history_count_at_trigger,primary_history_complete,primary_history_timing_valid,primary_model_executed,primary_stage_status,primary_stage_error,primary_correct_when_accepted,primary_predicted_class,primary_label,primary_confidence,primary_threshold,primary_accepted,primary_probability_left,primary_probability_right,primary_probability_straight,primary_maximum_absolute_z_score,primary_mean_speed,primary_max_abs_z_speed,primary_mean_acceleration_magnitude,primary_max_abs_z_acceleration_magnitude,primary_mean_longitudinal_velocity,primary_max_abs_z_longitudinal_velocity,primary_mean_lateral_velocity,primary_max_abs_z_lateral_velocity,primary_mean_longitudinal_acceleration,primary_max_abs_z_longitudinal_acceleration,primary_mean_lateral_acceleration,primary_max_abs_z_lateral_acceleration,secondary_trigger_time,secondary_trigger_eta_seconds,secondary_distance_to_entry_meters,secondary_stage_reached,secondary_observed_at_trigger,secondary_observation_age_seconds,secondary_history_count_at_trigger,secondary_history_complete,secondary_history_timing_valid,secondary_model_executed,secondary_stage_status,secondary_stage_error,secondary_correct_when_accepted,secondary_predicted_class,secondary_label,secondary_confidence,secondary_threshold,secondary_accepted,secondary_probability_left,secondary_probability_right,secondary_probability_straight,secondary_maximum_absolute_z_score,secondary_mean_speed,secondary_max_abs_z_speed,secondary_mean_acceleration_magnitude,secondary_max_abs_z_acceleration_magnitude,secondary_mean_longitudinal_velocity,secondary_max_abs_z_longitudinal_velocity,secondary_mean_lateral_velocity,secondary_max_abs_z_lateral_velocity,secondary_mean_longitudinal_acceleration,secondary_max_abs_z_longitudinal_acceleration,secondary_mean_lateral_acceleration,secondary_max_abs_z_lateral_acceleration,fused_stage_reached,fused_model_executed,fused_stage_status,fused_label,fusion_status,fused_accepted,fused_correct_when_accepted
event_000001_AV_1_AV_0,17.76,21.32,SECONDARY_STAGE_REACHED,MODEL_EVALUABLE,AV_1,AV_0,route_w_left,LEFT,50,50,0.49726960963151223,0.0,20.32,0.9857747143116283,8.822363636363661,True,True,0.0,50,True,True,True,PREDICTED,,False,RIGHT,RIGHT,0.8330482786229458,0.4367631896451938,True,0.15352867443608054,0.8330482786229458,0.013423046940973654,4.478025913238525,12.425643920898438,2.4200034141540527,2.5730857849121094,4.478025913238525,12.425643920898438,2.4090476036071777,0.0,0.1766839623451233,-2.5730857849121094,3.4857168197631836,0.0,0.13898441195487976,21.32,0.49726960963151223,2.2126883116882823,True,True,0.0,50,True,True,True,PREDICTED,,False,RIGHT,RIGHT,0.9695557256554133,0.38727051114510663,True,0.0298040282653232,0.9695557256554133,0.0006402460792635504,4.43158483505249,8.679675102233887,2.284724712371826,4.5,4.43158483505249,8.679675102233887,2.2718138694763184,0.0,0.24001631140708923,-4.5,3.4227869510650635,0.0,0.17655649781227112,True,True,PREDICTED,RIGHT,CONFIRMED_AGREEMENT,True,False
event_000004_AV_2_AV_0,21.76,21.76,SECONDARY_STAGE_REACHED,PERCEPTION_INELIGIBLE,AV_2,AV_0,route_w_left,LEFT,1,1,0.2955980332868709,0.0,21.76,0.2955980332868709,0.7300311688311467,True,True,0.0,1,False,False,False,MISSED_LATE_FIRST_OBSERVATION,,False,,,,,False,,,,,,,,,,,,,,,,,21.76,0.2955980332868709,0.7300311688311467,True,True,0.0,1,False,False,False,MISSED_LATE_FIRST_OBSERVATION,,False,,,,,False,,,,,,,,,,,,,,,,,True,False,INCOMPLETE,UNKNOWN,BOTH_STAGES_MISSING,False,False
event_000005_AV_3_AV_0,21.76,21.76,SECONDARY_STAGE_REACHED,PERCEPTION_INELIGIBLE,AV_3,AV_0,route_w_left,LEFT,1,1,0.2955980332868709,0.0,21.76,0.2955980332868709,0.7300311688311467,True,True,0.0,1,False,False,False,MISSED_LATE_FIRST_OBSERVATION,,False,,,,,False,,,,,,,,,,,,,,,,,21.76,0.2955980332868709,0.7300311688311467,True,True,0.0,1,False,False,False,MISSED_LATE_FIRST_OBSERVATION,,False,,,,,False,,,,,,,,,,,,,,,,,True,False,INCOMPLETE,UNKNOWN,BOTH_STAGES_MISSING,False,False
event_000002_AV_0_AV_1,19.12,22.36,SECONDARY_STAGE_REACHED,MODEL_EVALUABLE,AV_0,AV_1,route_s_straight,STRAIGHT,50,50,0.4666705320233897,0.0,21.56,0.9987607687958455,9.0565258904129,True,True,0.0,50,True,True,True,PREDICTED,,False,RIGHT,RIGHT,0.8451705714502435,0.4367631896451938,True,0.14165142903497174,0.8451705714502435,0.01317799951478469,4.478025913238525,12.081733703613281,2.123075246810913,2.065220832824707,4.478025913238525,12.081733703613281,2.113877058029175,0.0,0.1766839623451233,-2.065220832824707,3.4857168197631836,0.0,0.13898441195487976,22.36,0.4666705320233897,3.158315534247663,True,True,0.0,50,True,True,True,PREDICTED,,True,STRAIGHT,STRAIGHT,0.8031307339201759,0.38727051114510663,True,0.08636597415259518,0.11050329192722899,0.8031307339201759,4.43158483505249,9.723307609558105,2.3297066688537598,3.6798040866851807,4.43158483505249,9.723307609558105,2.3164608478546143,0.0,0.24001631140708923,-3.2631375789642334,3.4227869510650635,0.0,0.17655649781227112,True,True,PREDICTED,UNKNOWN,HORIZON_DISAGREEMENT,False,False
event_000003_AV_2_AV_1,21.76,22.36,SECONDARY_STAGE_REACHED,PERCEPTION_INELIGIBLE,AV_2,AV_1,route_s_straight,STRAIGHT,16,16,0.4666705320233897,0.0,21.76,0.8999983656094915,7.350973301371596,True,True,0.0,1,False,False,False,MISSED_LATE_FIRST_OBSERVATION,,False,,,,,False,,,,,,,,,,,,,,,,,22.36,0.4666705320233897,3.158315534247663,True,True,0.0,16,False,False,False,INCOMPLETE_HISTORY,,False,,,,,False,,,,,,,,,,,,,,,,,True,False,INCOMPLETE,UNKNOWN,BOTH_STAGES_MISSING,False,False
event_000006_AV_3_AV_1,21.76,22.36,SECONDARY_STAGE_REACHED,PERCEPTION_INELIGIBLE,AV_3,AV_1,route_s_straight,STRAIGHT,16,16,0.4666705320233897,0.0,21.76,0.8999983656094915,7.350973301371596,True,True,0.0,1,False,False,False,MISSED_LATE_FIRST_OBSERVATION,,False,,,,,False,,,,,,,,,,,,,,,,,22.36,0.4666705320233897,3.158315534247663,True,True,0.0,16,False,False,False,INCOMPLETE_HISTORY,,False,,,,,False,,,,,,,,,,,,,,,,,True,False,INCOMPLETE,UNKNOWN,BOTH_STAGES_MISSING,False,False
event_000010_AV_0_AV_2,24.04,26.6,SECONDARY_STAGE_REACHED,MODEL_EVALUABLE,AV_0,AV_2,route_e_right,RIGHT,50,50,0.49348285308517864,0.0,25.88,0.9873963084603795,12.359934719999728,True,True,0.0,50,True,False,False,INVALID_HISTORY_TIMING,History is not 25 Hz genuine data. Interval range is 0.040000 to 0.520000 seconds.,False,,,,,False,,,,,,,,,,,,,,,,,26.6,0.49348285308517864,4.5783878399997775,True,True,0.0,50,True,True,True,PREDICTED,,True,RIGHT,RIGHT,0.8894206713428191,0.38727051114510663,True,0.10752562254738185,0.8894206713428191,0.003053706109799083,4.43158483505249,12.61042308807373,2.6423323154449463,2.4022376537323,4.43158483505249,12.61042308807373,2.6267576217651367,0.0,0.24001631140708923,-2.4022376537323,3.4227869510650635,0.0,0.17655649781227112,True,False,INCOMPLETE,UNKNOWN,PRIMARY_MISSING,False,False
event_000009_AV_3_AV_2,23.76,26.6,SECONDARY_STAGE_REACHED,PERCEPTION_INELIGIBLE,AV_3,AV_2,route_e_right,RIGHT,50,50,0.49348285308517864,0.0,25.76,0.9927429805615423,13.789199999999823,True,False,0.240000000000002,50,True,True,False,UNOBSERVED_AT_TRIGGER,,False,,,,,False,,,,,,,,,,,,,,,,,26.6,0.49348285308517864,4.5783878399997775,True,True,0.0,50,True,False,False,INVALID_HISTORY_TIMING,History is not 25 Hz genuine data. Interval range is 0.040000 to 0.280000 seconds.,False,,,,,False,,,,,,,,,,,,,,,,,True,False,INCOMPLETE,UNKNOWN,BOTH_STAGES_MISSING,False,False
event_000007_AV_0_AV_3,23.76,27.32,SECONDARY_STAGE_REACHED,MODEL_EVALUABLE,AV_0,AV_3,route_n_left,LEFT,50,50,0.49726960963151223,0.0,26.32,0.9857747143116283,8.822363636363661,True,True,0.0,50,True,True,True,PREDICTED,,False,RIGHT,RIGHT,0.8330482786229458,0.4367631896451938,True,0.15352867443608054,0.8330482786229458,0.013423046940973654,4.478025913238525,12.425643920898438,2.4200034141540527,2.5730857849121094,4.478025913238525,12.425643920898438,2.4090476036071777,0.0,0.1766839623451233,-2.5730857849121094,3.4857168197631836,0.0,0.13898441195487976,27.32,0.49726960963151223,2.2126883116882823,True,True,0.0,50,True,True,True,PREDICTED,,False,RIGHT,RIGHT,0.9695557256554133,0.38727051114510663,True,0.0298040282653232,0.9695557256554133,0.0006402460792635504,4.43158483505249,8.679675102233887,2.284724712371826,4.5,4.43158483505249,8.679675102233887,2.2718138694763184,0.0,0.24001631140708923,-4.5,3.4227869510650635,0.0,0.17655649781227112,True,True,PREDICTED,RIGHT,CONFIRMED_AGREEMENT,True,False
event_000008_AV_2_AV_3,23.76,27.32,SECONDARY_STAGE_REACHED,PERCEPTION_INELIGIBLE,AV_2,AV_3,route_n_left,LEFT,50,50,0.49726960963151223,0.0,26.32,0.9857747143116283,8.822363636363661,True,True,0.0,50,True,False,False,INVALID_HISTORY_TIMING,History is not 25 Hz genuine data. Interval range is 0.040000 to 0.080000 seconds.,False,,,,,False,,,,,,,,,,,,,,,,,27.32,0.49726960963151223,2.2126883116882823,True,True,0.0,50,True,False,False,INVALID_HISTORY_TIMING,History is not 25 Hz genuine data. Interval range is 0.040000 to 0.080000 seconds.,False,,,,,False,,,,,,,,,,,,,,,,,True,False,INCOMPLETE,UNKNOWN,BOTH_STAGES_MISSING,False,False
event_000011_AV_4_AV_3,27.76,27.76,SECONDARY_STAGE_REACHED,PERCEPTION_INELIGIBLE,AV_4,AV_3,route_n_left,LEFT,1,1,0.008186459056726072,0.0,27.76,0.008186459056726072,0.043631168831097966,True,True,0.0,1,False,False,False,MISSED_LATE_FIRST_OBSERVATION,,False,,,,,False,,,,,,,,,,,,,,,,,27.76,0.008186459056726072,0.043631168831097966,True,True,0.0,1,False,False,False,MISSED_LATE_FIRST_OBSERVATION,,False,,,,,False,,,,,,,,,,,,,,,,,True,False,INCOMPLETE,UNKNOWN,BOTH_STAGES_MISSING,False,False
event_000013_AV_4_AV_0,30.0,30.0,SECONDARY_STAGE_REACHED,PERCEPTION_INELIGIBLE,AV_4,AV_0,route_w_left,LEFT,50,50,0.020357142857006592,0.0,30.0,0.020357142857006592,0.011399999999923693,True,True,0.0,50,True,True,False,MISSED_LATE_FIRST_OBSERVATION,,False,,,,,False,,,,,,,,,,,,,,,,,30.0,0.020357142857006592,0.011399999999923693,True,True,0.0,50,True,True,False,MISSED_LATE_FIRST_OBSERVATION,,False,,,,,False,,,,,,,,,,,,,,,,,True,False,INCOMPLETE,UNKNOWN,BOTH_STAGES_MISSING,False,False
event_000015_AV_6_AV_4,33.76,33.76,SECONDARY_STAGE_REACHED,PERCEPTION_INELIGIBLE,AV_6,AV_4,route_w_straight,STRAIGHT,1,1,0.5630990291295292,0.0,33.76,0.5630990291295292,2.8536098213753007,True,True,0.0,1,False,False,False,MISSED_LATE_FIRST_OBSERVATION,,False,,,,,False,,,,,,,,,,,,,,,,,33.76,0.5630990291295292,2.8536098213753007,True,True,0.0,1,False,False,False,INCOMPLETE_HISTORY,,False,,,,,False,,,,,,,,,,,,,,,,,True,False,INCOMPLETE,UNKNOWN,BOTH_STAGES_MISSING,False,False
event_000012_AV_0_AV_4,29.88,33.92,SECONDARY_STAGE_REACHED,MODEL_EVALUABLE,AV_0,AV_4,route_w_straight,STRAIGHT,50,50,0.4864148871025307,0.0,32.88,0.9943160792403645,8.976374681027494,True,True,0.0,50,True,True,True,PREDICTED,,False,RIGHT,RIGHT,0.937488382099327,0.4367631896451938,True,0.05166011659693776,0.937488382099327,0.01085150130373528,4.478025913238525,9.545939445495605,1.18059504032135,2.0463078022003174,4.478025913238525,9.545939445495605,1.1769756078720093,0.0,0.1766839623451233,-0.7129745483398438,3.4857168197631836,0.0,0.13898441195487976,33.92,0.4864148871025307,2.1147798468931,True,True,0.0,50,True,True,True,PREDICTED,,False,RIGHT,RIGHT,0.9806707523854427,0.38727051114510663,True,0.018881063236484304,0.9806707523854427,0.00044818437807307194,4.43158483505249,7.97645378112793,1.290344476699829,3.6646106243133545,4.43158483505249,7.97645378112793,1.284840703010559,0.0,0.24001631140708923,-2.4146106243133545,3.4227869510650635,0.0,0.17655649781227112,True,True,PREDICTED,RIGHT,CONFIRMED_AGREEMENT,True,False
event_000014_AV_5_AV_4,30.96,33.92,SECONDARY_STAGE_REACHED,MODEL_EVALUABLE,AV_5,AV_4,route_w_straight,STRAIGHT,50,50,0.4864148871025307,0.0,32.88,0.9943160792403645,8.976374681027494,True,True,0.0,49,False,False,False,INCOMPLETE_HISTORY,,False,,,,,False,,,,,,,,,,,,,,,,,33.92,0.4864148871025307,2.1147798468931,True,True,0.0,50,True,True,True,PREDICTED,,False,RIGHT,RIGHT,0.9806707523854427,0.38727051114510663,True,0.018881063236484304,0.9806707523854427,0.00044818437807307194,4.43158483505249,7.97645378112793,1.290344476699829,3.6646106243133545,4.43158483505249,7.97645378112793,1.284840703010559,0.0,0.24001631140708923,-2.4146106243133545,3.4227869510650635,0.0,0.17655649781227112,True,False,INCOMPLETE,UNKNOWN,PRIMARY_MISSING,False,False
event_000016_AV_4_AV_5,34.0,36.72,SECONDARY_STAGE_REACHED,MODEL_EVALUABLE,AV_4,AV_5,route_s_right,RIGHT,50,50,0.49540367962846676,0.0,36.0,0.968775260083351,11.141234047058674,True,True,0.0,50,True,True,True,PREDICTED,,False,STRAIGHT,STRAIGHT,0.9521955812268124,0.4367631896451938,True,0.011307213413315961,0.036497205359871665,0.9521955812268124,1.60670006275177,11.541709899902344,1.60670006275177,0.022011028602719307,1.4291980266571045,11.541709899902344,1.6005584001541138,0.0,0.1766839623451233,-0.022011028602719307,0.4966253936290741,0.0,0.13898441195487976,36.72,0.49540367962846676,4.092197294117511,True,True,0.0,50,True,True,True,PREDICTED,,True,RIGHT,RIGHT,0.9439117438334524,0.38727051114510663,True,0.05451298549480637,0.9439117438334524,0.0015752706717412023,4.43158483505249,10.884612083435059,1.7860325574874878,1.709511160850525,4.43158483505249,10.884612083435059,1.7768365144729614,0.0,0.24001631140708923,-1.709511160850525,3.4227869510650635,0.0,0.17655649781227112,True,True,PREDICTED,UNKNOWN,HORIZON_DISAGREEMENT,False,False
event_000017_AV_6_AV_5,34.0,36.72,SECONDARY_STAGE_REACHED,MODEL_EVALUABLE,AV_6,AV_5,route_s_right,RIGHT,50,50,0.49540367962846676,0.0,36.0,0.968775260083351,11.141234047058674,True,True,0.0,50,True,False,False,INVALID_HISTORY_TIMING,History is not 25 Hz genuine data. Interval range is 0.040000 to 0.280000 seconds.,False,,,,,False,,,,,,,,,,,,,,,,,36.72,0.49540367962846676,4.092197294117511,True,True,0.0,50,True,True,True,PREDICTED,,True,RIGHT,RIGHT,0.9439117438334524,0.38727051114510663,True,0.05451298549480637,0.9439117438334524,0.0015752706717412023,4.43158483505249,10.884612083435059,1.7860325574874878,1.709511160850525,4.43158483505249,10.884612083435059,1.7768365144729614,0.0,0.24001631140708923,-1.709511160850525,3.4227869510650635,0.0,0.17655649781227112,True,False,INCOMPLETE,UNKNOWN,PRIMARY_MISSING,False,False
event_000021_AV_7_AV_5,35.8,36.72,SECONDARY_STAGE_REACHED,PERCEPTION_INELIGIBLE,AV_7,AV_5,route_s_right,RIGHT,24,24,0.49540367962846676,0.0,36.0,0.968775260083351,11.141234047058674,True,True,0.0,6,False,False,False,INCOMPLETE_HISTORY,,False,,,,,False,,,,,,,,,,,,,,,,,36.72,0.49540367962846676,4.092197294117511,True,True,0.0,24,False,False,False,INCOMPLETE_HISTORY,,False,,,,,False,,,,,,,,,,,,,,,,,True,False,INCOMPLETE,UNKNOWN,BOTH_STAGES_MISSING,False,False
event_000018_AV_4_AV_6,35.76,39.32,SECONDARY_STAGE_REACHED,MODEL_EVALUABLE,AV_4,AV_6,route_e_left,LEFT,50,50,0.49726960963151223,0.0,38.32,0.9857747143116283,8.822363636363661,True,True,0.0,50,True,True,True,PREDICTED,,False,RIGHT,RIGHT,0.8330482786229458,0.4367631896451938,True,0.15352867443608054,0.8330482786229458,0.013423046940973654,4.478025913238525,12.425643920898438,2.4200034141540527,2.5730857849121094,4.478025913238525,12.425643920898438,2.4090476036071777,0.0,0.1766839623451233,-2.5730857849121094,3.4857168197631836,0.0,0.13898441195487976,39.32,0.49726960963151223,2.2126883116882823,True,True,0.0,50,True,True,True,PREDICTED,,False,RIGHT,RIGHT,0.9695557256554133,0.38727051114510663,True,0.0298040282653232,0.9695557256554133,0.0006402460792635504,4.43158483505249,8.679675102233887,2.284724712371826,4.5,4.43158483505249,8.679675102233887,2.2718138694763184,0.0,0.24001631140708923,-4.5,3.4227869510650635,0.0,0.17655649781227112,True,True,PREDICTED,RIGHT,CONFIRMED_AGREEMENT,True,False
event_000019_AV_5_AV_6,35.76,39.32,SECONDARY_STAGE_REACHED,MODEL_EVALUABLE,AV_5,AV_6,route_e_left,LEFT,50,50,0.49726960963151223,0.0,38.32,0.9857747143116283,8.822363636363661,True,True,0.0,50,True,True,True,PREDICTED,,False,RIGHT,RIGHT,0.8330482786229458,0.4367631896451938,True,0.15352867443608054,0.8330482786229458,0.013423046940973654,4.478025913238525,12.425643920898438,2.4200034141540527,2.5730857849121094,4.478025913238525,12.425643920898438,2.4090476036071777,0.0,0.1766839623451233,-2.5730857849121094,3.4857168197631836,0.0,0.13898441195487976,39.32,0.49726960963151223,2.2126883116882823,True,True,0.0,50,True,True,True,PREDICTED,,False,RIGHT,RIGHT,0.9695557256554133,0.38727051114510663,True,0.0298040282653232,0.9695557256554133,0.0006402460792635504,4.43158483505249,8.679675102233887,2.284724712371826,4.5,4.43158483505249,8.679675102233887,2.2718138694763184,0.0,0.24001631140708923,-4.5,3.4227869510650635,0.0,0.17655649781227112,True,True,PREDICTED,RIGHT,CONFIRMED_AGREEMENT,True,False
event_000020_AV_7_AV_6,35.8,39.32,SECONDARY_STAGE_REACHED,PERCEPTION_INELIGIBLE,AV_7,AV_6,route_e_left,LEFT,50,50,0.49726960963151223,0.0,38.32,0.9857747143116283,8.822363636363661,True,True,0.0,50,True,False,False,INVALID_HISTORY_TIMING,History is not 25 Hz genuine data. Interval range is 0.040000 to 0.280000 seconds.,False,,,,,False,,,,,,,,,,,,,,,,,39.32,0.49726960963151223,2.2126883116882823,True,True,0.0,50,True,False,False,INVALID_HISTORY_TIMING,History is not 25 Hz genuine data. Interval range is 0.040000 to 0.280000 seconds.,False,,,,,False,,,,,,,,,,,,,,,,,True,False,INCOMPLETE,UNKNOWN,BOTH_STAGES_MISSING,False,False
event_000024_AV_7_AV_4,40.08,40.08,SECONDARY_STAGE_REACHED,PERCEPTION_INELIGIBLE,AV_7,AV_4,route_w_straight,STRAIGHT,50,50,0.020357142857006592,0.0,40.08,0.020357142857006592,0.011399999999923693,True,True,0.0,50,True,True,False,MISSED_LATE_FIRST_OBSERVATION,,False,,,,,False,,,,,,,,,,,,,,,,,40.08,0.020357142857006592,0.011399999999923693,True,True,0.0,50,True,True,False,MISSED_LATE_FIRST_OBSERVATION,,False,,,,,False,,,,,,,,,,,,,,,,,True,False,INCOMPLETE,UNKNOWN,BOTH_STAGES_MISSING,False,False
event_000022_AV_4_AV_7,38.44,41.6,SECONDARY_STAGE_REACHED,MODEL_EVALUABLE,AV_4,AV_7,route_n_straight,STRAIGHT,50,50,0.4997104797342659,0.0,40.8,0.9949181221743455,8.987189830506281,True,True,0.0,50,True,True,True,PREDICTED,,False,RIGHT,RIGHT,0.8654345579858459,0.4367631896451938,True,0.12237137145794055,0.8654345579858459,0.012194070556213576,4.478025913238525,11.585685729980469,1.8713842630386353,1.7882527112960815,4.478025913238525,11.585685729980469,1.8636759519577026,0.0,0.1766839623451233,-1.7049193382263184,3.4857168197631836,0.0,0.13898441195487976,41.6,0.4997104797342659,3.1647138983037735,True,True,0.0,50,True,True,True,PREDICTED,,True,STRAIGHT,STRAIGHT,0.6016567022348956,0.38727051114510663,True,0.33263503011919693,0.06570826764590744,0.6016567022348956,4.43158483505249,9.490500450134277,2.0647096633911133,3.194502592086792,4.43158483505249,9.490500450134277,2.0534377098083496,0.0,0.24001631140708923,-3.1111690998077393,3.4227869510650635,0.0,0.17655649781227112,True,True,PREDICTED,UNKNOWN,HORIZON_DISAGREEMENT,False,False
event_000023_AV_6_AV_7,38.44,41.6,SECONDARY_STAGE_REACHED,MODEL_EVALUABLE,AV_6,AV_7,route_n_straight,STRAIGHT,50,50,0.4997104797342659,0.0,40.8,0.9949181221743455,8.987189830506281,True,True,0.0,50,True,True,True,PREDICTED,,False,RIGHT,RIGHT,0.8654345579858459,0.4367631896451938,True,0.12237137145794055,0.8654345579858459,0.012194070556213576,4.478025913238525,11.585685729980469,1.8713842630386353,1.7882527112960815,4.478025913238525,11.585685729980469,1.8636759519577026,0.0,0.1766839623451233,-1.7049193382263184,3.4857168197631836,0.0,0.13898441195487976,41.6,0.4997104797342659,3.1647138983037735,True,True,0.0,50,True,True,True,PREDICTED,,True,STRAIGHT,STRAIGHT,0.6016567022348956,0.38727051114510663,True,0.33263503011919693,0.06570826764590744,0.6016567022348956,4.43158483505249,9.490500450134277,2.0647096633911133,3.194502592086792,4.43158483505249,9.490500450134277,2.0534377098083496,0.0,0.24001631140708923,-3.1111690998077393,3.4227869510650635,0.0,0.17655649781227112,True,True,PREDICTED,UNKNOWN,HORIZON_DISAGREEMENT,False,False
event_000025_AV_8_AV_7,40.8,41.6,SECONDARY_STAGE_REACHED,PERCEPTION_INELIGIBLE,AV_8,AV_7,route_n_straight,STRAIGHT,21,21,0.4997104797342659,0.0,40.8,0.9949181221743455,8.987189830506281,True,True,0.0,1,False,False,False,INCOMPLETE_HISTORY,,False,,,,,False,,,,,,,,,,,,,,,,,41.6,0.4997104797342659,3.1647138983037735,True,True,0.0,21,False,False,False,INCOMPLETE_HISTORY,,False,,,,,False,,,,,,,,,,,,,,,,,True,False,INCOMPLETE,UNKNOWN,BOTH_STAGES_MISSING,False,False
event_000031_AV_10_AV_8,45.76,46.32,SECONDARY_STAGE_REACHED,PERCEPTION_INELIGIBLE,AV_10,AV_8,route_w_right,RIGHT,15,15,0.4578935071621436,0.0,45.76,0.9842412045264461,7.772436132223163,True,True,0.0,1,False,False,False,INCOMPLETE_HISTORY,,False,,,,,False,,,,,,,,,,,,,,,,,46.32,0.4578935071621436,3.545004353131617,True,True,0.0,15,False,False,False,INCOMPLETE_HISTORY,,False,,,,,False,,,,,,,,,,,,,,,,,True,False,INCOMPLETE,UNKNOWN,BOTH_STAGES_MISSING,False,False
event_000032_AV_11_AV_8,45.76,46.32,SECONDARY_STAGE_REACHED,PERCEPTION_INELIGIBLE,AV_11,AV_8,route_w_right,RIGHT,15,15,0.4578935071621436,0.0,45.76,0.9842412045264461,7.772436132223163,True,True,0.0,1,False,False,False,INCOMPLETE_HISTORY,,False,,,,,False,,,,,,,,,,,,,,,,,46.32,0.4578935071621436,3.545004353131617,True,True,0.0,15,False,False,False,INCOMPLETE_HISTORY,,False,,,,,False,,,,,,,,,,,,,,,,,True,False,INCOMPLETE,UNKNOWN,BOTH_STAGES_MISSING,False,False
event_000026_AV_6_AV_8,43.16,46.32,SECONDARY_STAGE_REACHED,PERCEPTION_INELIGIBLE,AV_6,AV_8,route_w_right,RIGHT,50,50,0.4578935071621436,0.0,45.16,0.9641699334275045,12.560657280001408,True,False,1.0399999999999991,50,True,True,False,UNOBSERVED_AT_TRIGGER,,False,,,,,False,,,,,,,,,,,,,,,,,46.32,0.4578935071621436,3.545004353131617,True,True,0.0,50,True,False,False,INVALID_HISTORY_TIMING,History is not 25 Hz genuine data. Interval range is 0.040000 to 1.200000 seconds.,False,,,,,False,,,,,,,,,,,,,,,,,True,False,INCOMPLETE,UNKNOWN,BOTH_STAGES_MISSING,False,False
event_000027_AV_9_AV_8,43.16,46.32,SECONDARY_STAGE_REACHED,MODEL_EVALUABLE,AV_9,AV_8,route_w_right,RIGHT,50,50,0.4578935071621436,0.0,45.76,0.9842412045264461,7.772436132223163,True,True,0.0,50,True,True,True,PREDICTED,,True,RIGHT,RIGHT,0.7502691270613105,0.4367631896451938,True,0.23232519645419591,0.7502691270613105,0.017405676484493537,4.478025913238525,11.450222969055176,2.121150255203247,2.672161102294922,4.478025913238525,11.450222969055176,2.1119632720947266,0.0,0.1766839623451233,-2.672161102294922,3.4857168197631836,0.0,0.13898441195487976,46.32,0.4578935071621436,3.545004353131617,True,True,0.0,50,True,True,True,PREDICTED,,False,STRAIGHT,STRAIGHT,0.9938463638106806,0.38727051114510663,True,0.0033287252531996364,0.0028249109361198096,0.9938463638106806,4.43158483505249,9.852344512939453,2.3276798725128174,3.1539852619171143,4.43158483505249,9.852344512939453,2.3144490718841553,0.0,0.24001631140708923,-2.7528369426727295,3.4227869510650635,0.0,0.17655649781227112,True,True,PREDICTED,UNKNOWN,HORIZON_DISAGREEMENT,False,False
event_000034_AV_10_AV_6,47.48,47.48,SECONDARY_STAGE_REACHED,PERCEPTION_INELIGIBLE,AV_10,AV_6,route_e_left,LEFT,44,44,0.020357142857108098,0.0,47.48,0.020357142857108098,0.011399999999980537,True,True,0.0,44,False,False,False,MISSED_LATE_FIRST_OBSERVATION,,False,,,,,False,,,,,,,,,,,,,,,,,47.48,0.020357142857108098,0.011399999999980537,True,True,0.0,44,False,False,False,MISSED_LATE_FIRST_OBSERVATION,,False,,,,,False,,,,,,,,,,,,,,,,,True,False,INCOMPLETE,UNKNOWN,BOTH_STAGES_MISSING,False,False
event_000035_AV_11_AV_6,47.48,47.48,SECONDARY_STAGE_REACHED,PERCEPTION_INELIGIBLE,AV_11,AV_6,route_e_left,LEFT,44,44,0.020357142857108098,0.0,47.48,0.020357142857108098,0.011399999999980537,True,True,0.0,44,False,False,False,MISSED_LATE_FIRST_OBSERVATION,,False,,,,,False,,,,,,,,,,,,,,,,,47.48,0.020357142857108098,0.011399999999980537,True,True,0.0,44,False,False,False,MISSED_LATE_FIRST_OBSERVATION,,False,,,,,False,,,,,,,,,,,,,,,,,True,False,INCOMPLETE,UNKNOWN,BOTH_STAGES_MISSING,False,False
event_000036_AV_9_AV_6,47.48,47.48,SECONDARY_STAGE_REACHED,PERCEPTION_INELIGIBLE,AV_9,AV_6,route_e_left,LEFT,50,50,0.020357142857108098,0.0,47.48,0.020357142857108098,0.011399999999980537,True,True,0.0,50,True,True,False,MISSED_LATE_FIRST_OBSERVATION,,False,,,,,False,,,,,,,,,,,,,,,,,47.48,0.020357142857108098,0.011399999999980537,True,True,0.0,50,True,True,False,MISSED_LATE_FIRST_OBSERVATION,,False,,,,,False,,,,,,,,,,,,,,,,,True,False,INCOMPLETE,UNKNOWN,BOTH_STAGES_MISSING,False,False
event_000030_AV_10_AV_9,45.76,48.56,SECONDARY_STAGE_REACHED,PERCEPTION_INELIGIBLE,AV_10,AV_9,route_s_left,LEFT,50,50,0.4958150217910309,0.0,47.4,0.9625056260079675,10.159951101214972,True,False,0.19999999999999574,30,False,False,False,UNOBSERVED_AT_TRIGGER,,False,,,,,False,,,,,,,,,,,,,,,,,48.56,0.4958150217910309,2.1993023854557805,True,True,0.0,50,True,False,False,INVALID_HISTORY_TIMING,History is not 25 Hz genuine data. Interval range is 0.040000 to 0.280000 seconds.,False,,,,,False,,,,,,,,,,,,,,,,,True,False,INCOMPLETE,UNKNOWN,BOTH_STAGES_MISSING,False,False
event_000033_AV_11_AV_9,45.76,48.56,SECONDARY_STAGE_REACHED,MODEL_EVALUABLE,AV_11,AV_9,route_s_left,LEFT,50,50,0.4958150217910309,0.0,47.56,0.9842544942002204,8.795034036972197,True,True,0.0,46,False,False,False,INCOMPLETE_HISTORY,,False,,,,,False,,,,,,,,,,,,,,,,,48.56,0.4958150217910309,2.1993023854557805,True,True,0.0,50,True,True,True,PREDICTED,,False,RIGHT,RIGHT,0.9763843161987281,0.38727051114510663,True,0.023089441798676308,0.9763843161987281,0.0005262420025955269,4.43158483505249,8.597807884216309,1.9172642230987549,3.8888590335845947,4.43158483505249,8.597807884216309,1.9070905447006226,0.0,0.24001631140708923,-3.8888590335845947,3.4227869510650635,0.0,0.17655649781227112,True,False,INCOMPLETE,UNKNOWN,PRIMARY_MISSING,False,False
event_000028_AV_6_AV_9,45.24,48.56,SECONDARY_STAGE_REACHED,MODEL_EVALUABLE,AV_6,AV_9,route_s_left,LEFT,50,50,0.4958150217910309,0.0,47.56,0.9842544942002204,8.795034036972197,True,True,0.0,50,True,True,True,PREDICTED,,False,RIGHT,RIGHT,0.8546788787052321,0.4367631896451938,True,0.1320001405514694,0.8546788787052321,0.013320980743298506,4.478025913238525,11.361666679382324,1.7313423156738281,1.5451091527938843,4.478025913238525,11.361666679382324,1.724462866783142,0.0,0.1766839623451233,-1.5451091527938843,3.4857168197631836,0.0,0.13898441195487976,48.56,0.4958150217910309,2.1993023854557805,True,True,0.0,50,True,True,True,PREDICTED,,False,RIGHT,RIGHT,0.9763843161987281,0.38727051114510663,True,0.023089441798676308,0.9763843161987281,0.0005262420025955269,4.43158483505249,8.597807884216309,1.9172642230987549,3.8888590335845947,4.43158483505249,8.597807884216309,1.9070905447006226,0.0,0.24001631140708923,-3.8888590335845947,3.4227869510650635,0.0,0.17655649781227112,True,True,PREDICTED,RIGHT,CONFIRMED_AGREEMENT,True,False
event_000029_AV_8_AV_9,45.24,48.56,SECONDARY_STAGE_REACHED,PERCEPTION_INELIGIBLE,AV_8,AV_9,route_s_left,LEFT,50,50,0.4958150217910309,0.0,47.56,0.9842544942002204,8.795034036972197,True,True,0.0,50,True,False,False,INVALID_HISTORY_TIMING,History is not 25 Hz genuine data. Interval range is 0.040000 to 0.240000 seconds.,False,,,,,False,,,,,,,,,,,,,,,,,48.56,0.4958150217910309,2.1993023854557805,True,True,0.0,50,True,False,False,INVALID_HISTORY_TIMING,History is not 25 Hz genuine data. Interval range is 0.040000 to 0.240000 seconds.,False,,,,,False,,,,,,,,,,,,,,,,,True,False,INCOMPLETE,UNKNOWN,BOTH_STAGES_MISSING,False,False
event_000038_AV_9_AV_11,47.76,50.36,SECONDARY_STAGE_REACHED,PERCEPTION_INELIGIBLE,AV_9,AV_11,route_n_right,RIGHT,50,50,0.46955918083997045,0.5600000000000023,49.84,0.9895591808399712,12.829139999999654,True,False,0.04000000000000625,50,True,True,False,UNOBSERVED_AT_TRIGGER,,False,,,,,False,,,,,,,,,,,,,,,,,50.36,0.46955918083997045,6.087599999999725,True,False,0.5600000000000023,50,True,True,False,UNOBSERVED_AT_TRIGGER,,False,,,,,False,,,,,,,,,,,,,,,,,True,False,INCOMPLETE,UNKNOWN,BOTH_STAGES_MISSING,False,False
event_000037_AV_10_AV_11,47.76,50.6,SECONDARY_STAGE_REACHED,MODEL_EVALUABLE,AV_10,AV_11,route_n_right,RIGHT,50,50,0.47926958193175695,0.0,49.88,0.9783934309175223,12.33215999999976,True,True,0.0,50,True,True,True,PREDICTED,,True,RIGHT,RIGHT,0.9668301767120309,0.4367631896451938,True,0.026571504072156447,0.9668301767120309,0.006598319215812724,4.478025913238525,13.780750274658203,2.4200034141540527,0.6695312857627869,4.478025913238525,13.780750274658203,2.4090476036071777,0.0,0.1766839623451233,-0.6695312857627869,3.4857168197631836,0.0,0.13898441195487976,50.6,0.47926958193175695,4.488119999999867,True,True,0.0,50,True,True,True,PREDICTED,,True,RIGHT,RIGHT,0.8885810859540062,0.38727051114510663,True,0.10830295694797307,0.8885810859540062,0.0031159570980207802,4.43158483505249,12.657437324523926,2.6423323154449463,2.3570311069488525,4.43158483505249,12.657437324523926,2.6267576217651367,0.0,0.24001631140708923,-2.3570311069488525,3.4227869510650635,0.0,0.17655649781227112,True,True,PREDICTED,RIGHT,CONFIRMED_AGREEMENT,True,True
event_000039_AV_11_AV_10,47.8,51.6,SECONDARY_STAGE_REACHED,MODEL_EVALUABLE,AV_11,AV_10,route_e_straight,STRAIGHT,50,50,0.48474218059191043,0.0,50.68,0.9824513330733115,8.762728100276433,True,True,0.0,50,True,True,True,PREDICTED,,False,RIGHT,RIGHT,0.8640689526865696,0.4367631896451938,True,0.12254051606578355,0.8640689526865696,0.013390531247646897,4.478025913238525,10.60519027709961,1.595121145248413,2.580861806869507,4.478025913238525,10.60519027709961,1.5890480279922485,0.0,0.1766839623451233,-1.2475284337997437,3.4857168197631836,0.0,0.13898441195487976,51.6,0.48474218059191043,2.519149828369052,True,True,0.0,50,True,True,True,PREDICTED,,False,RIGHT,RIGHT,0.7625811696052551,0.38727051114510663,True,0.21633008122444153,0.7625811696052551,0.021088749170303345,4.43158483505249,8.755622863769531,1.7738416194915771,3.7643535137176514,4.43158483505249,8.755622863769531,1.764736294746399,0.0,0.24001631140708923,-2.8709819316864014,3.4227869510650635,0.0,0.17655649781227112,True,True,PREDICTED,RIGHT,CONFIRMED_AGREEMENT,True,False
event_000040_AV_9_AV_10,47.8,51.6,SECONDARY_STAGE_REACHED,MODEL_EVALUABLE,AV_9,AV_10,route_e_straight,STRAIGHT,50,50,0.48474218059191043,0.0,50.68,0.9824513330733115,8.762728100276433,True,True,0.0,50,True,True,True,PREDICTED,,False,RIGHT,RIGHT,0.8640689526865696,0.4367631896451938,True,0.12254051606578355,0.8640689526865696,0.013390531247646897,4.478025913238525,10.60519027709961,1.595121145248413,2.580861806869507,4.478025913238525,10.60519027709961,1.5890480279922485,0.0,0.1766839623451233,-1.2475284337997437,3.4857168197631836,0.0,0.13898441195487976,51.6,0.48474218059191043,2.519149828369052,True,True,0.0,50,True,True,True,PREDICTED,,False,RIGHT,RIGHT,0.7625811696052551,0.38727051114510663,True,0.21633008122444153,0.7625811696052551,0.021088749170303345,4.43158483505249,8.755622863769531,1.7738416194915771,3.7643535137176514,4.43158483505249,8.755622863769531,1.764736294746399,0.0,0.24001631140708923,-2.8709819316864014,3.4227869510650635,0.0,0.17655649781227112,True,True,PREDICTED,RIGHT,CONFIRMED_AGREEMENT,True,False
